Workbook

Sheet Table S1_MAG quality
A1: Table S1. MAG quality
A2: Empty template for MAG quality, taxonomy, assembly statistics, and relative abundance across CAN_1–CAN_5.
A3: MAG bin name | B3: MAG iteration ID | C3: Phylum | D3: Class | E3: Order | F3: Family | G3: Genus | H3: Compl. (%) | I3: Contamin (%) | J3: Genome size | K3: Contig number | L3: GC | M3: N50 (bp) | N3: rel_abun in CAN_1 | O3: rel_abun in CAN_2 | P3: rel_abun in CAN_3 | Q3: rel_abun in CAN_4 | R3: rel_abun in CAN_5 | S3: Taxonomy | T3: average Total abundance
A4: CAN_1_bin.148 | B4: Dokdonella.5 | C4: Pseudomonadota | D4: Gammaproteobacteria | E4: Xanthomonadales | F4: Rhodanobacteraceae | G4: Dokdonella | H4: 95.69 | I4: 7.58 | J4: 4210296 | K4: 46 | L4: 0.69 | M4: 415687 | N4: 0.003611728 | O4: 0.004485683 | P4: 0.004445603 | Q4: 0.000991 | R4: 0.000191 | S4: p__Pseudomonadota; c__Gammaproteobacteria; o__Xanthomonadales; f__Rhodanobacteraceae; g__Dokdonella | T4: =AVERAGE('Table S1_MAG quality'!$N4:$R4)
A5: CAN_1_bin.174 | B5: Gracilibacteria.30 | C5: Patescibacteria | D5: JAEDAM01 | E5: BD1-5 | F5: UBA2023 | G5: UBA5532 | H5: 97.22 | I5: 1.35 | J5: 1166702 | K5: 1 | L5: 0.43 | M5: 1166702 | N5: 0.03028026 | O5: 0.007001495 | P5: 0.010296311 | Q5: 0.005247412 | R5: 0.00345912 | S5: p__Patescibacteria; c__; o__; f__; g__ | T5: =AVERAGE('Table S1_MAG quality'!$N5:$R5)
A6: CAN_1_bin.177 | B6: Pararhodobacter.1_m | C6: Pseudomonadota | D6: Alphaproteobacteria | E6: Rhodobacterales | F6: Rhodobacteraceae | G6: Pararhodobacter | H6: 100 | I6: 0.15 | J6: 4385690 | K6: 2 | L6: 0.68 | M6: 3311625 | N6: 0.003267175 | O6: 0.002588946 | P6: 0.002613809 | Q6: 0.003671736 | R6: 0.001538334 | S6: p__Pseudomonadota; c__Alphaproteobacteria; o__Rhodobacterales; f__Rhodobacteraceae; g__Pararhodobacter | T6: =AVERAGE('Table S1_MAG quality'!$N6:$R6)
A7: CAN_1_bin.180 | B7: Bdellovibrio.13 | C7: Bdellovibrionota | D7: Bdellovibrionia | E7: Bdellovibrionales | F7: Bdellovibrionaceae | G7: UBA2316 | H7: 99.98 | I7: 0.52 | J7: 4039223 | K7: 20 | L7: 0.34 | M7: 593163 | N7: 0.002546397 | O7: 0.000756 | P7: 0.001003109 | Q7: 0.000226 | R7: 3.57e-05 | S7: p__Bdellovibrionota; c__Bdellovibrionia; o__Bdellovibrionales; f__Bdellovibrionaceae; g__ | T7: =AVERAGE('Table S1_MAG quality'!$N7:$R7)
A8: CAN_1_bin.195 | B8: Ca_Falkowbacteria.7 | C8: Patescibacteria | D8: ABY1 | E8: BM507 | F8: UBA917 | G8: UBA919 | H8: 97.28 | I8: 1.45 | J8: 894103 | K8: 1 | L8: 0.4 | M8: 894103 | N8: 0.00320921 | O8: 0.000658 | P8: 0.001034346 | Q8: 0.004408273 | R8: 0.001836505 | S8: p__Patescibacteria; c__; o__; f__; g__ | T8: =AVERAGE('Table S1_MAG quality'!$N8:$R8)
A9: CAN_1_bin.2 | B9: Ignavibacteria.5 | C9: Bacteroidota | D9: Ignavibacteria | E9: SJA-28 | F9: B-1AR | H9: 98.74 | I9: 1.2 | J9: 3126569 | K9: 1 | L9: 0.35 | M9: 3126569 | N9: 0.00189427 | O9: 0.000461 | P9: 0.000817 | Q9: 0.005366112 | R9: 0.005835915 | S9: p__Bacteroidota; c__Ignavibacteria; o__; f__; g__ | T9: =AVERAGE('Table S1_MAG quality'!$N9:$R9)
A10: CAN_1_bin.210 | B10: Dokdonella.14 | C10: Pseudomonadota | D10: Gammaproteobacteria | E10: Xanthomonadales | F10: Rhodanobacteraceae | G10: Dokdonella | H10: 99.55 | I10: 0.45 | J10: 3941745 | K10: 13 | L10: 0.69 | M10: 728973 | N10: 0.009766223 | O10: 0.013387657 | P10: 0.013225006 | Q10: 0.011006405 | R10: 0.001762958 | S10: p__Pseudomonadota; c__Gammaproteobacteria; o__Xanthomonadales; f__Rhodanobacteraceae; g__Dokdonella | T10: =AVERAGE('Table S1_MAG quality'!$N10:$R10)
A11: CAN_1_bin.48 | B11: Paceibacteria.1_m | C11: Patescibacteria | D11: Paceibacteria | E11: UBA6257 | F11: GWB1-50-10 | H11: 100 | I11: 0.1 | J11: 668260 | K11: 1 | L11: 0.44 | M11: 668260 | N11: 0.002868404 | O11: 0.00263992 | P11: 0.002592972 | Q11: 4.33e-05 | R11: 3.68e-05 | S11: p__Patescibacteria; c__Paceibacteria; o__; f__; g__ | T11: =AVERAGE('Table S1_MAG quality'!$N11:$R11)
A12: CAN_1_bin.5 | B12: Micavibrionaceae.1_m | C12: Pseudomonadota | D12: Alphaproteobacteria | E12: Micavibrionales | F12: Micavibrionaceae | G12: UBA1573 | H12: 100 | I12: 2.92 | J12: 2295354 | K12: 2 | L12: 0.45 | M12: 1600197 | N12: 0.004824322 | O12: 0.003347207 | P12: 0.003304787 | Q12: 0.013089252 | R12: 0.017626096 | S12: p__Pseudomonadota; c__Alphaproteobacteria; o__Micavibrionales; f__Micavibrionaceae; g__ | T12: =AVERAGE('Table S1_MAG quality'!$N12:$R12)
A13: CAN_1_bin.77 | B13: Thermoanaerobaculia.1_m | C13: Acidobacteriota | D13: Thermoanaerobaculia | E13: UBA5066 | F13: UBA5066 | G13: UBA5066 | H13: 97.68 | I13: 0.28 | J13: 5985155 | K13: 4 | L13: 0.7 | M13: 1686115 | N13: 0.010532733 | O13: 0.012878474 | P13: 0.012526772 | Q13: 0.019967309 | R13: 0.0495223 | S13: p__Acidobacteriota; c__Thermoanaerobaculia; o__; f__; g__ | T13: =AVERAGE('Table S1_MAG quality'!$N13:$R13)
A14: CAN_1_bin.84 | B14: Phototrophicaceae.1_m | C14: Chloroflexota | D14: Anaerolineae | E14: Aggregatilineales | F14: Phototrophicaceae | G14: CFX2 | H14: 96.16 | I14: 2.61 | J14: 6398485 | K14: 8 | L14: 0.55 | M14: 3749479 | N14: 0.005559483 | O14: 0.004930177 | P14: 0.005031585 | Q14: 0.001603134 | R14: 0.000277 | S14: p__Chloroflexota; c__Anaerolineae; o__Aggregatilineales; f__Phototrophicaceae; g__ | T14: =AVERAGE('Table S1_MAG quality'!$N14:$R14)
A15: CAN_1_bin.98 | B15: Ca_Accumulibacter.23 | C15: Pseudomonadota | D15: Gammaproteobacteria | E15: Burkholderiales | F15: Rhodocyclaceae | G15: Accumulibacter | H15: 100 | I15: 0.19 | J15: 5022376 | K15: 6 | L15: 0.65 | M15: 3573482 | N15: 0.033631117 | O15: 0.02515896 | P15: 0.02536908 | Q15: 0.11391873 | R15: 0.041523786 | S15: p__Pseudomonadota; c__Gammaproteobacteria; o__Burkholderiales; f__Rhodocyclaceae; g__Accumulibacter | T15: =AVERAGE('Table S1_MAG quality'!$N15:$R15)
A16: CAN_2_bin.125 | B16: Pseudoxanthomonas_A.1_m | C16: Pseudomonadota | D16: Gammaproteobacteria | E16: Xanthomonadales | F16: Xanthomonadaceae | G16: Pseudoxanthomonas_A | H16: 99.78 | I16: 1.71 | J16: 3440139 | K16: 25 | L16: 0.68 | M16: 222642 | N16: 0.02209988 | O16: 0.03671151 | P16: 0.035104854 | Q16: 0.00059 | R16: 0.000126 | S16: p__Pseudomonadota; c__Gammaproteobacteria; o__Xanthomonadales; f__Xanthomonadaceae; g__Pseudoxanthomonas_A | T16: =AVERAGE('Table S1_MAG quality'!$N16:$R16)
A17: CAN_2_bin.151 | B17: Brevundimonas.4 | C17: Pseudomonadota | D17: Alphaproteobacteria | E17: Caulobacterales | F17: Caulobacteraceae | G17: Brevundimonas | H17: 99.99 | I17: 1.73 | J17: 2857677 | K17: 2 | L17: 0.68 | M17: 2456369 | N17: 0.003811263 | O17: 0.006971384 | P17: 0.006640263 | Q17: 0.000494 | R17: 0.001051654 | S17: p__Pseudomonadota; c__Alphaproteobacteria; o__Caulobacterales; f__Caulobacteraceae; g__Brevundimonas | T17: =AVERAGE('Table S1_MAG quality'!$N17:$R17)
A18: CAN_2_bin.159 | B18: Pseudoxanthomonas.23 | C18: Pseudomonadota | D18: Gammaproteobacteria | E18: Xanthomonadales | F18: Xanthomonadaceae | G18: Pseudoxanthomonas | H18: 100 | I18: 0.02 | J18: 2816656 | K18: 3 | L18: 0.7 | M18: 1658373 | N18: 0.012928113 | O18: 0.00873372 | P18: 0.008937194 | Q18: 0.02519797 | R18: 0.007934008 | S18: p__Pseudomonadota; c__Gammaproteobacteria; o__Xanthomonadales; f__Xanthomonadaceae; g__Pseudoxanthomonas | T18: =AVERAGE('Table S1_MAG quality'!$N18:$R18)
A19: CAN_2_bin.173 | B19: Burkholderiaceae.1_m | C19: Pseudomonadota | D19: Gammaproteobacteria | E19: Burkholderiales | F19: Burkholderiaceae | G19: JACDQM01 | H19: 88.51 | I19: 3.03 | J19: 3870350 | K19: 145 | L19: 0.69 | M19: 37630 | N19: 0.000685 | O19: 0.001854193 | P19: 0.001708084 | Q19: 0.000201 | R19: 0.000158 | S19: p__Pseudomonadota; c__Gammaproteobacteria; o__Burkholderiales; f__Burkholderiaceae; g__ | T19: =AVERAGE('Table S1_MAG quality'!$N19:$R19)
A20: CAN_2_bin.176 | B20: Thermoanaerobaculia.2_m | C20: Acidobacteriota | D20: Thermoanaerobaculia | E20: UBA5066 | F20: UBA5066 | G20: UBA5066 | H20: 95.76 | I20: 0.52 | J20: 5834731 | K20: 4 | L20: 0.7 | M20: 2059594 | N20: 0.004208347 | O20: 0.007036818 | P20: 0.006669267 | Q20: 0.000464 | R20: 0.000399 | S20: p__Acidobacteriota; c__Thermoanaerobaculia; o__; f__; g__ | T20: =AVERAGE('Table S1_MAG quality'!$N20:$R20)
A21: CAN_2_bin.23 | B21: Zoogloea.11 | C21: Pseudomonadota | D21: Gammaproteobacteria | E21: Burkholderiales | F21: Rhodocyclaceae | G21: Zoogloea | H21: 96.04 | I21: 0.54 | J21: 4657897 | K21: 32 | L21: 0.66 | M21: 295469 | N21: 0.005985822 | O21: 0.008841831 | P21: 0.00836177 | Q21: 0.00049 | R21: 0.000638 | S21: p__Pseudomonadota; c__Gammaproteobacteria; o__Burkholderiales; f__Rhodocyclaceae; g__Zoogloea | T21: =AVERAGE('Table S1_MAG quality'!$N21:$R21)
A22: CAN_2_bin.6 | B22: Desulfobacillus.1_m | C22: Pseudomonadota | D22: Gammaproteobacteria | E22: Burkholderiales | F22: Rhodocyclaceae | G22: Desulfobacillus | H22: 99.7 | I22: 0.37 | J22: 3163088 | K22: 4 | L22: 0.65 | M22: 950453 | N22: 0.017174284 | O22: 0.006393228 | P22: 0.007236849 | Q22: 0.007495629 | R22: 0.000318 | S22: p__Pseudomonadota; c__Gammaproteobacteria; o__Burkholderiales; f__Rhodocyclaceae; g__Desulfobacillus | T22: =AVERAGE('Table S1_MAG quality'!$N22:$R22)
A23: CAN_2_bin.66 | B23: Chthoniobacterales.1_m | C23: Verrucomicrobiota | D23: Verrucomicrobiae | E23: Chthoniobacterales | F23: JACTMZ01 | G23: JACTMZ01 | H23: 87.35 | I23: 1.04 | J23: 2784204 | K23: 69 | L23: 0.63 | M23: 77074 | N23: 0.000982 | O23: 0.001388278 | P23: 0.001405915 | Q23: 0.000492 | R23: 0.000224 | S23: p__Verrucomicrobiota; c__Verrucomicrobiae; o__Chthoniobacterales; f__; g__ | T23: =AVERAGE('Table S1_MAG quality'!$N23:$R23)
... A51: CAN_4_bin.35 | B51: Brevundimonas.7 | C51: Pseudomonadota | D51: Alphaproteobacteria | E51: Caulobacterales | F51: Caulobacteraceae | G51: Brevundimonas | H51: 100 | I51: 0.06 | J51: 2759345 | K51: 3 | L51: 0.66 | M51: 2730425 | N51: 0.000416 | O51: 0.00021 | P51: 0.000243 | Q51: 0.004082246 | R51: 0.000286 | S51: p__Pseudomonadota; c__Alphaproteobacteria; o__Caulobacterales; f__Caulobacteraceae; g__Brevundimonas | T51: =AVERAGE('Table S1_MAG quality'!$N51:$R51)
A52: CAN_4_bin.38 | B52: Salinispiraceae.1_m | C52: Spirochaetota | D52: Spirochaetia | E52: DSM-27196 | F52: Salinispiraceae | H52: 65.19 | I52: 0.7 | J52: 2595407 | K52: 45 | L52: 0.53 | M52: 79947 | N52: 0.00017 | O52: 0.000168 | P52: 0.000172 | Q52: 0.00118189 | R52: 4.51e-05 | S52: p__Spirochaetota; c__Spirochaetia; o__; f__Salinispiraceae; g__ | T52: =AVERAGE('Table S1_MAG quality'!$N52:$R52)
A53: CAN_4_bin.44 | B53: Mesorhizobium.22 | C53: Pseudomonadota | D53: Alphaproteobacteria | E53: Rhizobiales | F53: Rhizobiaceae | G53: DUSC01 | H53: 99.99 | I53: 0.07 | J53: 5523224 | K53: 5 | L53: 0.67 | M53: 1873950 | N53: 0.000536 | O53: 0.00048 | P53: 0.000503 | Q53: 0.001886164 | R53: 0.002068712 | S53: p__Pseudomonadota; c__Alphaproteobacteria; o__Rhizobiales; f__Rhizobiaceae; g__ | T53: =AVERAGE('Table S1_MAG quality'!$N53:$R53)
A54: CAN_4_bin.62 | B54: Anaerolineaceae.1_m | C54: Chloroflexota | D54: Anaerolineae | E54: Anaerolineales | F54: Anaerolineaceae | G54: JARKPB01 | H54: 55.96 | I54: 2.44 | J54: 1992954 | K54: 83 | L54: 0.6 | M54: 31753 | N54: 0.000158 | O54: 0.000132 | P54: 0.000139 | Q54: 0.001276129 | R54: 0.000329 | S54: p__Chloroflexota; c__Anaerolineae; o__Anaerolineales; f__Anaerolineaceae; g__ | T54: =AVERAGE('Table S1_MAG quality'!$N54:$R54)
A55: CAN_4_bin.64 | B55: Accumulibacter.2_m | C55: Pseudomonadota | D55: Gammaproteobacteria | E55: Burkholderiales | F55: Rhodocyclaceae | G55: Accumulibacter | H55: 79.98 | I55: 1.84 | J55: 3842927 | K55: 53 | L55: 0.64 | M55: 109616 | N55: 0.005256289 | O55: 0.002262134 | P55: 0.002572883 | Q55: 0.009598464 | R55: 0.003685772 | S55: p__Pseudomonadota; c__Gammaproteobacteria; o__Burkholderiales; f__Rhodocyclaceae; g__Accumulibacter | T55: =AVERAGE('Table S1_MAG quality'!$N55:$R55)
A56: CAN_4_bin.70 | B56: Phototrophicaceae.2_m | C56: Chloroflexota | D56: Anaerolineae | E56: Aggregatilineales | F56: Phototrophicaceae | G56: JAIOHN01 | H56: 73.66 | I56: 1.16 | J56: 4082294 | K56: 54 | L56: 0.62 | M56: 132652 | N56: 0.000228 | O56: 0.000145 | P56: 0.000158 | Q56: 0.00108192 | R56: 0.0005 | S56: p__Chloroflexota; c__Anaerolineae; o__Aggregatilineales; f__Phototrophicaceae; g__ | T56: =AVERAGE('Table S1_MAG quality'!$N56:$R56)
A57: CAN_4_bin.72 | B57: Competibacter_A.1_m | C57: Pseudomonadota | D57: Gammaproteobacteria | E57: Competibacterales | F57: Competibacteraceae | G57: Competibacter_A | H57: 61.54 | I57: 5.05 | J57: 3004766 | K57: 112 | L57: 0.59 | M57: 39667 | N57: 0.010135044 | O57: 0.010248994 | P57: 0.010369587 | Q57: 0.004742864 | R57: 0.002621284 | S57: p__Pseudomonadota; c__Gammaproteobacteria; o__Competibacterales; f__Competibacteraceae; g__Competibacter_A | T57: =AVERAGE('Table S1_MAG quality'!$N57:$R57)
A58: CAN_4_bin.76 | B58: Dojkabacteria.1_m | C58: Patescibacteria | D58: Dojkabacteria | E58: J137 | F58: J137 | G58: Brojett037 | H58: 53.34 | I58: 0.39 | J58: 623697 | K58: 23 | L58: 0.33 | M58: 33654 | N58: 7.04e-05 | O58: 3.83e-05 | P58: 4.6e-05 | Q58: 0.000267 | R58: 1.27e-05 | S58: p__Patescibacteria; c__Dojkabacteria; o__; f__; g__ | T58: =AVERAGE('Table S1_MAG quality'!$N58:$R58)
A59: CAN_4_bin.92 | B59: Ca_Flexifilum.1 | C59: Chloroflexota | D59: Anaerolineae | E59: Aggregatilineales | F59: Phototrophicaceae | G59: Flexifilum | H59: 84.51 | I59: 6.83 | J59: 3994020 | K59: 91 | L59: 0.63 | M59: 86287 | N59: 0.000314 | O59: 0.000262 | P59: 0.000267 | Q59: 0.000933 | R59: 0.001900647 | S59: p__Chloroflexota; c__Anaerolineae; o__Aggregatilineales; f__Phototrophicaceae; g__Flexifilum | T59: =AVERAGE('Table S1_MAG quality'!$N59:$R59)
A60: CAN_5_bin.1 | B60: Rhabdaerophilum.1_m | C60: Pseudomonadota | D60: Alphaproteobacteria | E60: Rhizobiales | F60: Beijerinckiaceae | G60: Rhabdaerophilum | H60: 100 | I60: 0.04 | J60: 3153730 | K60: 1 | L60: 0.64 | M60: 3153730 | N60: 0.000541 | O60: 0.00044 | P60: 0.000463 | Q60: 0.000902 | R60: 0.003058194 | S60: p__Pseudomonadota; c__Alphaproteobacteria; o__Rhizobiales; f__Beijerinckiaceae; g__Rhabdaerophilum | T60: =AVERAGE('Table S1_MAG quality'!$N60:$R60)
A61: CAN_5_bin.100 | B61: Ignavibacteriaceae.1_m | C61: Bacteroidota | D61: Ignavibacteria | E61: Ignavibacteriales | F61: Ignavibacteriaceae | G61: JAEXTR01 | H61: 81.06 | I61: 0.18 | J61: 3252921 | K61: 5 | L61: 0.44 | M61: 840523 | N61: 0.001031642 | O61: 0.00087 | P61: 0.00093 | Q61: 0.001476168 | R61: 0.003898476 | S61: p__Bacteroidota; c__Ignavibacteria; o__Ignavibacteriales; f__Ignavibacteriaceae; g__ | T61: =AVERAGE('Table S1_MAG quality'!$N61:$R61)
A62: CAN_5_bin.106 | B62: Ca_Competibacter.139 | C62: Pseudomonadota | D62: Gammaproteobacteria | E62: Competibacterales | F62: Competibacteraceae | G62: Competibacter | H62: 92.13 | I62: 4.17 | J62: 2984512 | K62: 51 | L62: 0.62 | M62: 105487 | N62: 0.26809792 | O62: 0.26609695 | P62: 0.27174007 | Q62: 0.11192626 | R62: 0.065415 | S62: p__Pseudomonadota; c__Gammaproteobacteria; o__Competibacterales; f__Competibacteraceae; g__Competibacter | T62: =AVERAGE('Table S1_MAG quality'!$N62:$R62)
A63: CAN_5_bin.112 | B63: Terrimonas.22 | C63: Bacteroidota | D63: Bacteroidia | E63: Chitinophagales | F63: Chitinophagaceae | G63: JJ008 | H63: 100 | I63: 0.05 | J63: 4028776 | K63: 1 | L63: 0.42 | M63: 4028776 | N63: 0.000297 | O63: 0.000115 | P63: 0.000152 | Q63: 0.007590076 | R63: 0.027768152 | S63: p__Bacteroidota; c__Bacteroidia; o__Chitinophagales; f__Chitinophagaceae; g__ | T63: =AVERAGE('Table S1_MAG quality'!$N63:$R63)
A64: CAN_5_bin.145 | B64: Bacteroidia.19 | C64: Bacteroidota | D64: Bacteroidia | E64: J057 | F64: J057 | G64: JAAFHL01 | H64: 98.65 | I64: 0.1 | J64: 4785324 | K64: 1 | L64: 0.49 | M64: 4785324 | N64: 0.000541 | O64: 0.000451 | P64: 0.000455 | Q64: 4.5e-05 | R64: 0.003470299 | S64: p__Bacteroidota; c__Bacteroidia; o__; f__; g__ | T64: =AVERAGE('Table S1_MAG quality'!$N64:$R64)
... A69: CAN_5_bin.167 | B69: Ignavibacteria.21 | C69: Bacteroidota | D69: Ignavibacteria | E69: SJA-28 | F69: OLB5 | G69: OLB5 | H69: 63.96 | I69: 2.89 | J69: 3179265 | K69: 66 | L69: 0.42 | M69: 76706 | N69: 2.79e-05 | O69: 2.91e-05 | P69: 3.1e-05 | Q69: 7.57e-05 | R69: 0.000924 | S69: p__Bacteroidota; c__Ignavibacteria; o__; f__; g__ | T69: =AVERAGE('Table S1_MAG quality'!$N69:$R69)
A70: CAN_5_bin.169 | B70: Spirochaetota.1_m | C70: Spirochaetota | D70: GWE2-31-10 | E70: GWE2-31-10 | F70: GWE2-31-10 | H70: 56.96 | I70: 0.67 | J70: 3117418 | K70: 17 | L70: 0.43 | M70: 295341 | N70: 3.23e-05 | O70: 3.84e-05 | P70: 4.13e-05 | Q70: 0.000225 | R70: 0.001146911 | S70: p__Spirochaetota; c__; o__; f__; g__ | T70: =AVERAGE('Table S1_MAG quality'!$N70:$R70)
A71: CAN_5_bin.173 | B71: Bacteroidia.11 | C71: Bacteroidota | D71: Bacteroidia | E71: CAIKAF01 | F71: CAIKAF01 | G71: JAKRSD01 | H71: 98.12 | I71: 0.98 | J71: 3277565 | K71: 67 | L71: 0.43 | M71: 69621 | N71: 9.45e-05 | O71: 0.000232 | P71: 0.000237 | Q71: 9.32e-05 | R71: 0.000852 | S71: p__Bacteroidota; c__Bacteroidia; o__; f__; g__ | T71: =AVERAGE('Table S1_MAG quality'!$N71:$R71)
A72: CAN_5_bin.177 | B72: Lysobacter.2 | C72: Pseudomonadota | D72: Gammaproteobacteria | E72: Xanthomonadales | F72: Xanthomonadaceae | G72: SCMT01 | H72: 99.99 | I72: 0.06 | J72: 4245465 | K72: 1 | L72: 0.7 | M72: 4245465 | N72: 0.016837312 | O72: 0.015619546 | P72: 0.015729374 | Q72: 0.013809493 | R72: 0.005026858 | S72: p__Pseudomonadota; c__Gammaproteobacteria; o__Xanthomonadales; f__Xanthomonadaceae; g__ | T72: =AVERAGE('Table S1_MAG quality'!$N72:$R72)
A73: CAN_5_bin.180 | B73: Anaerolineaceae.24 | C73: Chloroflexota | D73: Anaerolineae | E73: Anaerolineales | F73: Anaerolineaceae | G73: UBA6170 | H73: 71 | I73: 2.74 | J73: 3419852 | K73: 159 | L73: 0.44 | M73: 26705 | N73: 6.04e-05 | O73: 5.23e-05 | P73: 5.78e-05 | Q73: 0.000402 | R73: 0.000562 | S73: p__Chloroflexota; c__Anaerolineae; o__Anaerolineales; f__Anaerolineaceae; g__ | T73: =AVERAGE('Table S1_MAG quality'!$N73:$R73)
A74: CAN_5_bin.2 | B74: Rhodospirillales.3 | C74: Pseudomonadota | D74: Alphaproteobacteria | E74: UBA2400 | F74: UBA2400 | H74: 99.11 | I74: 0.09 | J74: 2108970 | K74: 1 | L74: 0.62 | M74: 2108970 | N74: 0.000181 | O74: 0.000169 | P74: 0.000173 | Q74: 0.000197 | R74: 0.01689471 | S74: p__Pseudomonadota; c__Alphaproteobacteria; o__; f__; g__ | T74: =AVERAGE('Table S1_MAG quality'!$N74:$R74)
A75: CAN_5_bin.40 | B75: Giesbergeria.1_m | C75: Pseudomonadota | D75: Gammaproteobacteria | E75: Burkholderiales | F75: Burkholderiaceae | G75: Giesbergeria | H75: 91.34 | I75: 1.4 | J75: 3501042 | K75: 85 | L75: 0.64 | M75: 66986 | N75: 0.010077869 | O75: 0.015729247 | P75: 0.014977244 | Q75: 0.002798008 | R75: 0.001311583 | S75: p__Pseudomonadota; c__Gammaproteobacteria; o__Burkholderiales; f__Burkholderiaceae; g__Giesbergeria | T75: =AVERAGE('Table S1_MAG quality'!$N75:$R75)
A76: CAN_5_bin.52 | B76: Beijerinckiaceae.1_m | C76: Pseudomonadota | D76: Alphaproteobacteria | E76: Rhizobiales | F76: Beijerinckiaceae | H76: 90.09 | I76: 3.97 | J76: 3021602 | K76: 38 | L76: 0.67 | M76: 150680 | N76: 0.000264 | O76: 0.000236 | P76: 0.000255 | Q76: 0.001059403 | R76: 0.015922538 | S76: p__Pseudomonadota; c__Alphaproteobacteria; o__Rhizobiales; f__Beijerinckiaceae; g__ | T76: =AVERAGE('Table S1_MAG quality'!$N76:$R76)
A77: CAN_5_bin.62 | B77: Ca_Caldilinea.2 | C77: Chloroflexota | D77: Anaerolineae | E77: Caldilineales | F77: Caldilineaceae | G77: Caldilinea | H77: 95.35 | I77: 0.83 | J77: 6070849 | K77: 137 | L77: 0.61 | M77: 70704 | N77: 0.000605 | O77: 0.000552 | P77: 0.000559 | Q77: 0.001410708 | R77: 0.00133216 | S77: p__Chloroflexota; c__Anaerolineae; o__Caldilineales; f__Caldilineaceae; g__Caldilinea | T77: =AVERAGE('Table S1_MAG quality'!$N77:$R77)
A78: CAN_5_bin.70 | B78: Azonexus.12 | C78: Pseudomonadota | D78: Gammaproteobacteria | E78: Burkholderiales | F78: Rhodocyclaceae | G78: Azonexus | H78: 100 | I78: 2.58 | J78: 3721586 | K78: 26 | L78: 0.65 | M78: 327651 | N78: 0.004338914 | O78: 0.002182141 | P78: 0.002374124 | Q78: 0.03001426 | R78: 0.009013521 | S78: p__Pseudomonadota; c__Gammaproteobacteria; o__Burkholderiales; f__Rhodocyclaceae; g__Azonexus | T78: =AVERAGE('Table S1_MAG quality'!$N78:$R78)
A79: CAN_5_bin.9 | B79: Villigracilaceae.1_m | C79: Chloroflexota | D79: Anaerolineae | E79: Anaerolineales | F79: Villigracilaceae | G79: UBA5195 | H79: 95.65 | I79: 4.49 | J79: 5300324 | K79: 95 | L79: 0.57 | M79: 80095 | N79: 9.2e-05 | O79: 7.9e-05 | P79: 8.52e-05 | Q79: 0.000602 | R79: 0.001162919 | S79: p__Chloroflexota; c__Anaerolineae; o__Anaerolineales; f__Villigracilaceae; g__ | T79: =AVERAGE('Table S1_MAG quality'!$N79:$R79)
A80: CAN_5_bin.90 | B80: Gracilibacteria.25 | C80: Patescibacteria | D80: JAEDAM01 | E80: BD1-5 | F80: UBA2023 | G80: UBA5532 | H80: 94.61 | I80: 1.14 | J80: 1137081 | K80: 1 | L80: 0.43 | M80: 1137081 | N80: 0.000516 | O80: 0.000134 | P80: 0.000198 | Q80: 0.032831223 | R80: 0.029504845 | S80: p__Patescibacteria; c__; o__; f__; g__ | T80: =AVERAGE('Table S1_MAG quality'!$N80:$R80)
A81: CAN_5_bin.97 | B81: Azospira.1 | C81: Pseudomonadota | D81: Gammaproteobacteria | E81: Burkholderiales | F81: Rhodocyclaceae | G81: UBA1934 | H81: 88.29 | I81: 2.2 | J81: 2841694 | K81: 68 | L81: 0.61 | M81: 54052 | N81: 0.000336 | O81: 0.000523 | P81: 0.000527 | Q81: 0.000791 | R81: 0.001101683 | S81: p__Pseudomonadota; c__Gammaproteobacteria; o__Burkholderiales; f__Rhodocyclaceae; g__ | T81: =AVERAGE('Table S1_MAG quality'!$N81:$R81)
A82: coasm_bin.10 | B82: Leptovillus.1_m | C82: Chloroflexota | D82: Anaerolineae | E82: Promineifilales | F82: Promineifilaceae | G82: Leptovillus | H82: 100 | I82: 2.62 | J82: 5717529 | K82: 4 | L82: 0.58 | M82: 5068721 | N82: 0.000546 | O82: 0.000364 | P82: 0.000386 | Q82: 0.001589178 | R82: 0.001308646 | S82: p__Chloroflexota; c__Anaerolineae; o__Promineifilales; f__Promineifilaceae; g__Leptovillus | T82: =AVERAGE('Table S1_MAG quality'!$N82:$R82)
A83: coasm_bin.103 | B83: Phototrophicaceae.3_m | C83: Chloroflexota | D83: Anaerolineae | E83: Aggregatilineales | F83: Phototrophicaceae | G83: JALHNB01 | H83: 82.81 | I83: 3.9 | J83: 3649113 | K83: 39 | L83: 0.67 | M83: 153957 | N83: 0.00028 | O83: 0.000234 | P83: 0.00024 | Q83: 0.000631 | R83: 0.000502 | S83: p__Chloroflexota; c__Anaerolineae; o__Aggregatilineales; f__Phototrophicaceae; g__ | T83: =AVERAGE('Table S1_MAG quality'!$N83:$R83)
A84: coasm_bin.105 | B84: Rhodobacter.5 | C84: Pseudomonadota | D84: Alphaproteobacteria | E84: Rhodobacterales | F84: Rhodobacteraceae | G84: JAAKGP01 | H84: 69.02 | I84: 3.41 | J84: 2998231 | K84: 161 | L84: 0.66 | M84: 26364 | N84: 0.00048 | O84: 0.000455 | P84: 0.000464 | Q84: 0.000259 | R84: 0.0002 | S84: p__Pseudomonadota; c__Alphaproteobacteria; o__Rhodobacterales; f__Rhodobacteraceae; g__ | T84: =AVERAGE('Table S1_MAG quality'!$N84:$R84)
A85: coasm_bin.108 | B85: Tabrizicola.1_m | C85: Pseudomonadota | D85: Alphaproteobacteria | E85: Rhodobacterales | F85: Rhodobacteraceae | G85: Tabrizicola | H85: 76.93 | I85: 5.88 | J85: 3441887 | K85: 105 | L85: 0.67 | M85: 48265 | N85: 0.00038 | O85: 0.000335 | P85: 0.000347 | Q85: 0.000543 | R85: 0.000519 | S85: p__Pseudomonadota; c__Alphaproteobacteria; o__Rhodobacterales; f__Rhodobacteraceae; g__Tabrizicola | T85: =AVERAGE('Table S1_MAG quality'!$N85:$R85)
A86: coasm_bin.110 | B86: Leptonema.1 | C86: Spirochaetota | D86: Leptospirae | E86: Leptospirales | F86: Leptonemataceae | G86: Leptonema | H86: 70.26 | I86: 1.44 | J86: 3368648 | K86: 145 | L86: 0.54 | M86: 31502 | N86: 0.000455 | O86: 0.000258 | P86: 0.000272 | Q86: 0.000104 | R86: 3.87e-05 | S86: p__Spirochaetota; c__Leptospirae; o__Leptospirales; f__Leptonemataceae; g__Leptonema | T86: =AVERAGE('Table S1_MAG quality'!$N86:$R86)
A87: coasm_bin.112 | B87: Microgenomatia.1_m | C87: Patescibacteria | D87: Microgenomatia | E87: UBA10105 | F87: UBA927 | G87: UBA927 | H87: 82.03 | I87: 0 | J87: 860109 | K87: 34 | L87: 0.47 | M87: 31364 | N87: 2.88e-05 | O87: 3.22e-05 | P87: 3.41e-05 | Q87: 0.00022 | R87: 0.000271 | S87: p__Patescibacteria; c__Microgenomatia; o__; f__; g__ | T87: =AVERAGE('Table S1_MAG quality'!$N87:$R87)
A88: coasm_bin.114 | B88: Sphingobacteriales.16 | C88: Bacteroidota | D88: Bacteroidia | E88: B-17B0 | F88: B-17BO | G88: UBA2475 | H88: 98.93 | I88: 2.34 | J88: 3965360 | K88: 76 | L88: 0.41 | M88: 77508 | N88: 0.000152 | O88: 0.000471 | P88: 0.00047 | Q88: 2.59e-05 | R88: 2.38e-05 | S88: p__Bacteroidota; c__Bacteroidia; o__; f__; g__ | T88: =AVERAGE('Table S1_MAG quality'!$N88:$R88)
... A138: coasm_bin.238 | B138: Rhodothermaceae.5 | C138: Bacteroidota | D138: Rhodothermia | E138: Rhodothermales | F138: BA12 | G138: BA12 | H138: 51.43 | I138: 0.16 | J138: 1691459 | K138: 66 | L138: 0.67 | M138: 29424 | N138: 6.96e-05 | O138: 7.89e-05 | P138: 8.23e-05 | Q138: 0.000556 | R138: 8.29e-05 | S138: p__Bacteroidota; c__Rhodothermia; o__Rhodothermales; f__; g__ | T138: =AVERAGE('Table S1_MAG quality'!$N138:$R138)
A139: coasm_bin.24 | B139: Absconditicoccaceae.1_m | C139: Patescibacteria | D139: JAEDAM01 | E139: Absconditabacterales | F139: Absconditicoccaceae | H139: 94.14 | I139: 3.41 | J139: 1050964 | K139: 7 | L139: 0.35 | M139: 185137 | N139: 0.000155 | O139: 0.000131 | P139: 0.000136 | Q139: 0.000497 | R139: 1.56e-05 | S139: p__Patescibacteria; c__; o__Absconditabacterales; f__Absconditicoccaceae; g__ | T139: =AVERAGE('Table S1_MAG quality'!$N139:$R139)
A140: coasm_bin.240 | B140: Ca_Villigracilis.9 | C140: Chloroflexota | D140: Anaerolineae | E140: Anaerolineales | F140: Villigracilaceae | G140: Villigracilis | H140: 67.67 | I140: 2.84 | J140: 2849351 | K140: 208 | L140: 0.52 | M140: 16122 | N140: 0.0002 | O140: 0.000103 | P140: 0.000118 | Q140: 0.000541 | R140: 0.000133 | S140: p__Chloroflexota; c__Anaerolineae; o__Anaerolineales; f__Villigracilaceae; g__Villigracilis | T140: =AVERAGE('Table S1_MAG quality'!$N140:$R140)
A141: coasm_bin.246 | B141: Sulfuricystis.1_m | C141: Pseudomonadota | D141: Gammaproteobacteria | E141: Burkholderiales | F141: Rhodocyclaceae | G141: Sulfuricystis | H141: 79.03 | I141: 1.09 | J141: 2745166 | K141: 87 | L141: 0.63 | M141: 53207 | N141: 0.000358 | O141: 0.000465 | P141: 0.00046 | Q141: 0.000855 | R141: 0.00039 | S141: p__Pseudomonadota; c__Gammaproteobacteria; o__Burkholderiales; f__Rhodocyclaceae; g__Sulfuricystis | T141: =AVERAGE('Table S1_MAG quality'!$N141:$R141)
A142: coasm_bin.248 | B142: Neotabrizicola.1_m | C142: Pseudomonadota | D142: Alphaproteobacteria | E142: Rhodobacterales | F142: Rhodobacteraceae | G142: Neotabrizicola | H142: 80.54 | I142: 4.51 | J142: 4188976 | K142: 125 | L142: 0.68 | M142: 53081 | N142: 0.000188 | O142: 0.000213 | P142: 0.00022 | Q142: 0.000266 | R142: 0.000911 | S142: p__Pseudomonadota; c__Alphaproteobacteria; o__Rhodobacterales; f__Rhodobacteraceae; g__Neotabrizicola | T142: =AVERAGE('Table S1_MAG quality'!$N142:$R142)
A143: coasm_bin.249 | B143: Giesbergeria.2_m | C143: Pseudomonadota | D143: Gammaproteobacteria | E143: Burkholderiales | F143: Burkholderiaceae | G143: Giesbergeria | H143: 98.05 | I143: 4.99 | J143: 3684492 | K143: 76 | L143: 0.66 | M143: 129161 | N143: 0.001023307 | O143: 0.001477112 | P143: 0.001409591 | Q143: 0.000389 | R143: 0.000131 | S143: p__Pseudomonadota; c__Gammaproteobacteria; o__Burkholderiales; f__Burkholderiaceae; g__Giesbergeria | T143: =AVERAGE('Table S1_MAG quality'!$N143:$R143)
A144: coasm_bin.25 | B144: Paceibacteria.3_m | C144: Patescibacteria | D144: Paceibacteria | E144: UBA9973 | F144: UBA9973 | G144: UBA9973 | H144: 54.29 | I144: 1.08 | J144: 496503 | K144: 16 | L144: 0.33 | M144: 38578 | N144: 4.1e-05 | O144: 4.98e-05 | P144: 5.6e-05 | Q144: 0.000253 | R144: 2.98e-05 | S144: p__Patescibacteria; c__Paceibacteria; o__; f__; g__ | T144: =AVERAGE('Table S1_MAG quality'!$N144:$R144)
A145: coasm_bin.250 | B145: Ca_Accumulibacter.2 | C145: Pseudomonadota | D145: Gammaproteobacteria | E145: Burkholderiales | F145: Rhodocyclaceae | G145: Accumulibacter | H145: 87.73 | I145: 0.11 | J145: 4557472 | K145: 10 | L145: 0.62 | M145: 1457384 | N145: 0.009536555 | O145: 0.002991613 | P145: 0.003724033 | Q145: 0.030983279 | R145: 0.009904679 | S145: p__Pseudomonadota; c__Gammaproteobacteria; o__Burkholderiales; f__Rhodocyclaceae; g__Accumulibacter | T145: =AVERAGE('Table S1_MAG quality'!$N145:$R145)
A146: coasm_bin.251 | B146: Ca_Competibacter.27 | C146: Pseudomonadota | D146: Gammaproteobacteria | E146: Competibacterales | F146: Competibacteraceae | G146: Competibacter_A | H146: 62.94 | I146: 4.96 | J146: 3105555 | K146: 117 | L146: 0.62 | M146: 39346 | N146: 0.00282604 | O146: 0.002908081 | P146: 0.002974166 | Q146: 0.001701882 | R146: 0.001113254 | S146: p__Pseudomonadota; c__Gammaproteobacteria; o__Competibacterales; f__Competibacteraceae; g__Competibacter_A | T146: =AVERAGE('Table S1_MAG quality'!$N146:$R146)
A147: coasm_bin.255 | B147: Hydrogenophaga.5 | C147: Pseudomonadota | D147: Gammaproteobacteria | E147: Burkholderiales | F147: Burkholderiaceae | G147: Hydrogenophaga | H147: 85.34 | I147: 0.25 | J147: 3330920 | K147: 90 | L147: 0.66 | M147: 71233 | N147: 0.001065285 | O147: 0.001508638 | P147: 0.00156401 | Q147: 0.000695 | R147: 0.000272 | S147: p__Pseudomonadota; c__Gammaproteobacteria; o__Burkholderiales; f__Burkholderiaceae; g__Hydrogenophaga | T147: =AVERAGE('Table S1_MAG quality'!$N147:$R147)
A148: coasm_bin.256 | B148: Azonexus.1 | C148: Pseudomonadota | D148: Gammaproteobacteria | E148: Burkholderiales | F148: Rhodocyclaceae | G148: Azonexus | H148: 82.84 | I148: 2.62 | J148: 3247075 | K148: 122 | L148: 0.63 | M148: 36157 | N148: 0.000529 | O148: 0.000968 | P148: 0.000946 | Q148: 0.000242 | R148: 0.000263 | S148: p__Pseudomonadota; c__Gammaproteobacteria; o__Burkholderiales; f__Rhodocyclaceae; g__Azonexus | T148: =AVERAGE('Table S1_MAG quality'!$N148:$R148)
A149: coasm_bin.258 | B149: Sandaracinus.1 | C149: Myxococcota | D149: Polyangia | E149: Polyangiales | F149: Ga0077539 | G149: JAEUKH01 | H149: 78.25 | I149: 0 | J149: 6871788 | K149: 309 | L149: 0.73 | M149: 29951 | N149: 0.000111 | O149: 0.000128 | P149: 0.000134 | Q149: 7.35e-05 | R149: 0.00111973 | S149: p__Myxococcota; c__Polyangia; o__Polyangiales; f__; g__ | T149: =AVERAGE('Table S1_MAG quality'!$N149:$R149)
A150: coasm_bin.259 | B150: Mariniflexile.1_m | C150: Bacteroidota | D150: Bacteroidia | E150: Flavobacteriales | F150: Flavobacteriaceae | G150: Mariniflexile | H150: 76.71 | I150: 0.58 | J150: 2702360 | K150: 170 | L150: 0.38 | M150: 21917 | N150: 0.000346 | O150: 0.000298 | P150: 0.000318 | Q150: 4.31e-05 | R150: 3.17e-05 | S150: p__Bacteroidota; c__Bacteroidia; o__Flavobacteriales; f__Flavobacteriaceae; g__Mariniflexile | T150: =AVERAGE('Table S1_MAG quality'!$N150:$R150)
A151: coasm_bin.260 | B151: Ca_Sarcinithrix.1 | C151: Chloroflexota | D151: Anaerolineae | E151: JAAEKA01 | F151: JAAEKA01 | G151: JAAEKA01 | H151: 98.28 | I151: 1.54 | J151: 5808007 | K151: 7 | L151: 0.64 | M151: 3224900 | N151: 8.23e-05 | O151: 9.14e-05 | P151: 9.52e-05 | Q151: 0.008667118 | R151: 0.021777482 | S151: p__Chloroflexota; c__Anaerolineae; o__; f__; g__ | T151: =AVERAGE('Table S1_MAG quality'!$N151:$R151)
... A153: coasm_bin.262 | B153: Phreatobacter.1_m | C153: Pseudomonadota | D153: Alphaproteobacteria | E153: Rhizobiales | F153: Phreatobacteraceae | G153: Phreatobacter | H153: 90.01 | I153: 4.09 | J153: 4228235 | K153: 44 | L153: 0.69 | M153: 309752 | N153: 0.000405 | O153: 0.000418 | P153: 0.000426 | Q153: 0.000636 | R153: 0.00039 | S153: p__Pseudomonadota; c__Alphaproteobacteria; o__Rhizobiales; f__Phreatobacteraceae; g__Phreatobacter | T153: =AVERAGE('Table S1_MAG quality'!$N153:$R153)
A154: coasm_bin.265 | B154: Rhodocyclaceae.20 | C154: Pseudomonadota | D154: Gammaproteobacteria | E154: Burkholderiales | F154: Rhodocyclaceae | H154: 80.58 | I154: 1.32 | J154: 2741814 | K154: 73 | L154: 0.6 | M154: 54712 | N154: 0.000196 | O154: 0.000218 | P154: 0.000226 | Q154: 0.000197 | R154: 0.000691 | S154: p__Pseudomonadota; c__Gammaproteobacteria; o__Burkholderiales; f__Rhodocyclaceae; g__ | T154: =AVERAGE('Table S1_MAG quality'!$N154:$R154)
A155: coasm_bin.268 | B155: Flavipsychrobacter.4_m | C155: Bacteroidota | D155: Bacteroidia | E155: Chitinophagales | F155: Chitinophagaceae | G155: Flavipsychrobacter | H155: 79.84 | I155: 1.26 | J155: 3040874 | K155: 29 | L155: 0.42 | M155: 202974 | N155: 0.000177 | O155: 0.000563 | P155: 0.000552 | Q155: 2.96e-05 | R155: 2.92e-05 | S155: p__Bacteroidota; c__Bacteroidia; o__Chitinophagales; f__Chitinophagaceae; g__Flavipsychrobacter | T155: =AVERAGE('Table S1_MAG quality'!$N155:$R155)
A156: coasm_bin.27 | B156: Phycisphaeraceae.31 | C156: Planctomycetota | D156: Phycisphaerae | E156: Phycisphaerales | F156: UBA1924 | H156: 92.25 | I156: 0.62 | J156: 3835170 | K156: 7 | L156: 0.66 | M156: 3762321 | N156: 0.001258984 | O156: 0.002531156 | P156: 0.002338557 | Q156: 7.09e-05 | R156: 5.32e-05 | S156: p__Planctomycetota; c__Phycisphaerae; o__Phycisphaerales; f__; g__ | T156: =AVERAGE('Table S1_MAG quality'!$N156:$R156)
A157: coasm_bin.271 | B157: Casimicrobium.1_m | C157: Pseudomonadota | D157: Gammaproteobacteria | E157: Burkholderiales | F157: Casimicrobiaceae | G157: Casimicrobium | H157: 98.95 | I157: 0.02 | J157: 4533503 | K157: 23 | L157: 0.62 | M157: 348793 | N157: 0.000309 | O157: 0.000976 | P157: 0.000947 | Q157: 9.47e-05 | R157: 6.63e-05 | S157: p__Pseudomonadota; c__Gammaproteobacteria; o__Burkholderiales; f__Casimicrobiaceae; g__Casimicrobium | T157: =AVERAGE('Table S1_MAG quality'!$N157:$R157)
A158: coasm_bin.277 | B158: Dokdonella.17 | C158: Pseudomonadota | D158: Gammaproteobacteria | E158: Xanthomonadales | F158: Rhodanobacteraceae | G158: Dokdonella | H158: 79.21 | I158: 0 | J158: 3245928 | K158: 67 | L158: 0.69 | M158: 94882 | N158: 0.001908328 | O158: 0.002179958 | P158: 0.002187254 | Q158: 0.007587102 | R158: 0.000982 | S158: p__Pseudomonadota; c__Gammaproteobacteria; o__Xanthomonadales; f__Rhodanobacteraceae; g__Dokdonella | T158: =AVERAGE('Table S1_MAG quality'!$N158:$R158)
A159: coasm_bin.278 | B159: Kiritimatiellia.1_m | C159: Verrucomicrobiota | D159: Kiritimatiellia | E159: CAIVKH01 | F159: CAIVKH01 | G159: CALMUP01 | H159: 50.05 | I159: 0.5 | J159: 2164871 | K159: 155 | L159: 0.64 | M159: 15693 | N159: 0.00045 | O159: 0.00044 | P159: 0.000446 | Q159: 8.93e-05 | R159: 0.000106 | S159: p__Verrucomicrobiota; c__Kiritimatiellia; o__; f__; g__ | T159: =AVERAGE('Table S1_MAG quality'!$N159:$R159)
A160: coasm_bin.279 | B160: Xinfangfangia.1_m | C160: Pseudomonadota | D160: Alphaproteobacteria | E160: Rhodobacterales | F160: Rhodobacteraceae | G160: Xinfangfangia | H160: 70.62 | I160: 5.47 | J160: 3431269 | K160: 146 | L160: 0.64 | M160: 33405 | N160: 0.005191863 | O160: 0.004192267 | P160: 0.004214189 | Q160: 0.003205536 | R160: 0.002578049 | S160: p__Pseudomonadota; c__Alphaproteobacteria; o__Rhodobacterales; f__Rhodobacteraceae; g__Xinfangfangia | T160: =AVERAGE('Table S1_MAG quality'!$N160:$R160)
A161: coasm_bin.28 | B161: Rhodanobacteraceae.5 | C161: Pseudomonadota | D161: Gammaproteobacteria | E161: Xanthomonadales | F161: SZUA-5 | G161: JADKFD01 | H161: 99.84 | I161: 0.41 | J161: 5730873 | K161: 4 | L161: 0.65 | M161: 4431066 | N161: 0.001326039 | O161: 0.000868 | P161: 0.0009 | Q161: 0.001525118 | R161: 0.000151 | S161: p__Pseudomonadota; c__Gammaproteobacteria; o__Xanthomonadales; f__; g__ | T161: =AVERAGE('Table S1_MAG quality'!$N161:$R161)
A162: coasm_bin.280 | B162: Mesorhizobium.3 | C162: Pseudomonadota | D162: Alphaproteobacteria | E162: Rhizobiales | F162: Rhizobiaceae | G162: Mesorhizobium_A | H162: 99.92 | I162: 0.11 | J162: 3812033 | K162: 20 | L162: 0.65 | M162: 270306 | N162: 0.000258 | O162: 0.000247 | P162: 0.000257 | Q162: 0.000597 | R162: 0.000717 | S162: p__Pseudomonadota; c__Alphaproteobacteria; o__Rhizobiales; f__Rhizobiaceae; g__Mesorhizobium_A | T162: =AVERAGE('Table S1_MAG quality'!$N162:$R162)
A163: coasm_bin.286 | B163: Sphingobacteriales.9 | C163: Bacteroidota | D163: Bacteroidia | E163: B-17B0 | F163: B-17BO | G163: UBA2475 | H163: 96.14 | I163: 0.85 | J163: 4318725 | K163: 49 | L163: 0.44 | M163: 127959 | N163: 0.000626 | O163: 0.000465 | P163: 0.000472 | Q163: 2.86e-05 | R163: 1.8e-05 | S163: p__Bacteroidota; c__Bacteroidia; o__; f__; g__ | T163: =AVERAGE('Table S1_MAG quality'!$N163:$R163)
A164: coasm_bin.289 | B164: Phreatobacter.3 | C164: Pseudomonadota | D164: Alphaproteobacteria | E164: Rhizobiales | F164: Phreatobacteraceae | G164: Phreatobacter | H164: 99.98 | I164: 0.52 | J164: 4475613 | K164: 12 | L164: 0.68 | M164: 648294 | N164: 0.000473 | O164: 0.000661 | P164: 0.000654 | Q164: 0.000573 | R164: 0.000725 | S164: p__Pseudomonadota; c__Alphaproteobacteria; o__Rhizobiales; f__Phreatobacteraceae; g__Phreatobacter | T164: =AVERAGE('Table S1_MAG quality'!$N164:$R164)
A165: coasm_bin.290 | B165: Xanthobacteraceae.4 | C165: Pseudomonadota | D165: Alphaproteobacteria | E165: Rhizobiales | F165: Xanthobacteraceae | G165: SCUB01 | H165: 82.85 | I165: 1.17 | J165: 2422833 | K165: 61 | L165: 0.63 | M165: 62842 | N165: 0.000736 | O165: 0.000869 | P165: 0.00087 | Q165: 0.000487 | R165: 0.000513 | S165: p__Pseudomonadota; c__Alphaproteobacteria; o__Rhizobiales; f__Xanthobacteraceae; g__ | T165: =AVERAGE('Table S1_MAG quality'!$N165:$R165)
A166: coasm_bin.293 | B166: Verrucomicrobiales.2 | C166: Verrucomicrobiota | D166: Verrucomicrobiae | E166: Verrucomicrobiales | F166: DEV007 | G166: Arctic95D-9 | H166: 92.38 | I166: 1.52 | J166: 6935733 | K166: 108 | L166: 0.62 | M166: 98288 | N166: 0.000514 | O166: 0.000662 | P166: 0.000668 | Q166: 7.76e-05 | R166: 5.79e-05 | S166: p__Verrucomicrobiota; c__Verrucomicrobiae; o__Verrucomicrobiales; f__; g__ | T166: =AVERAGE('Table S1_MAG quality'!$N166:$R166)
A167: coasm_bin.298 | B167: Bacteroidales.1_m | C167: Bacteroidota | D167: Bacteroidia | E167: Bacteroidales | F167: FEN-979 | G167: CAIVAT01 | H167: 75.91 | I167: 1.65 | J167: 3197618 | K167: 125 | L167: 0.5 | M167: 31115 | N167: 5.49e-05 | O167: 4.6e-05 | P167: 5.02e-05 | Q167: 0.000587 | R167: 9.73e-05 | S167: p__Bacteroidota; c__Bacteroidia; o__Bacteroidales; f__; g__ | T167: =AVERAGE('Table S1_MAG quality'!$N167:$R167)
A168: coasm_bin.305 | B168: Hydrogenedensaceae.8 | C168: Hydrogenedentota | D168: Hydrogenedentia | E168: Hydrogenedentiales | F168: JAEUWI01 | G168: JAEUWI01 | H168: 50.04 | I168: 0.32 | J168: 4295195 | K168: 264 | L168: 0.62 | M168: 20316 | N168: 0.000384 | O168: 0.000402 | P168: 0.000392 | Q168: 0.000104 | R168: 8.21e-05 | S168: p__Hydrogenedentota; c__Hydrogenedentia; o__Hydrogenedentiales; f__; g__ | T168: =AVERAGE('Table S1_MAG quality'!$N168:$R168)
... A217: coasm_bin.441 | B217: Ignavibacterium.2 | C217: Bacteroidota | D217: Ignavibacteria | E217: Ignavibacteriales | F217: Ignavibacteriaceae | G217: UTCHB3 | H217: 96.04 | I217: 0.65 | J217: 3871259 | K217: 12 | L217: 0.46 | M217: 1348960 | N217: 0.000628 | O217: 0.000667 | P217: 0.000674 | Q217: 0.00016 | R217: 2.29e-05 | S217: p__Bacteroidota; c__Ignavibacteria; o__Ignavibacteriales; f__Ignavibacteriaceae; g__ | T217: =AVERAGE('Table S1_MAG quality'!$N217:$R217)
A218: coasm_bin.447 | B218: Dojkabacteria.3_m | C218: Patescibacteria | D218: Dojkabacteria | E218: J137 | F218: JAEUSD01 | H218: 77.58 | I218: 1.32 | J218: 1213226 | K218: 30 | L218: 0.43 | M218: 55678 | N218: 0.000436 | O218: 0.00022 | P218: 0.000244 | Q218: 2.13e-05 | R218: 1.31e-05 | S218: p__Patescibacteria; c__Dojkabacteria; o__; f__; g__ | T218: =AVERAGE('Table S1_MAG quality'!$N218:$R218)
A219: coasm_bin.448 | B219: Ca_Villigracilis.4 | C219: Chloroflexota | D219: Anaerolineae | E219: Anaerolineales | F219: Villigracilaceae | G219: Villigracilis | H219: 100 | I219: 2.36 | J219: 4722211 | K219: 6 | L219: 0.49 | M219: 4584362 | N219: 0.000204 | O219: 7.95e-05 | P219: 0.000103 | Q219: 0.001961489 | R219: 0.001518117 | S219: p__Chloroflexota; c__Anaerolineae; o__Anaerolineales; f__Villigracilaceae; g__Villigracilis | T219: =AVERAGE('Table S1_MAG quality'!$N219:$R219)
A220: coasm_bin.449 | B220: Thermomonas.2 | C220: Pseudomonadota | D220: Gammaproteobacteria | E220: Xanthomonadales | F220: Xanthomonadaceae | G220: Thermomonas | H220: 93.16 | I220: 0.09 | J220: 2699875 | K220: 59 | L220: 0.7 | M220: 79747 | N220: 0.000715 | O220: 0.000759 | P220: 0.000769 | Q220: 0.000521 | R220: 0.000166 | S220: p__Pseudomonadota; c__Gammaproteobacteria; o__Xanthomonadales; f__Xanthomonadaceae; g__Thermomonas | T220: =AVERAGE('Table S1_MAG quality'!$N220:$R220)
A221: coasm_bin.466 | B221: Ignavibacteria.1_m | C221: Bacteroidota | D221: Ignavibacteria | E221: SJA-28 | F221: OLB5 | G221: OLB5 | H221: 95.06 | I221: 4.42 | J221: 3911169 | K221: 18 | L221: 0.42 | M221: 384352 | N221: 2.78e-05 | O221: 3.04e-05 | P221: 3.22e-05 | Q221: 6.01e-05 | R221: 0.002095219 | S221: p__Bacteroidota; c__Ignavibacteria; o__; f__; g__ | T221: =AVERAGE('Table S1_MAG quality'!$N221:$R221)
A222: coasm_bin.468 | B222: Chthoniobacteraceae.3 | C222: Verrucomicrobiota | D222: Verrucomicrobiae | E222: Chthoniobacterales | F222: JACTMZ01 | G222: JACTMZ01 | H222: 89.22 | I222: 3.89 | J222: 3067670 | K222: 19 | L222: 0.64 | M222: 366643 | N222: 0.000497 | O222: 0.000568 | P222: 0.000593 | Q222: 0.000227 | R222: 0.000236 | S222: p__Verrucomicrobiota; c__Verrucomicrobiae; o__Chthoniobacterales; f__; g__ | T222: =AVERAGE('Table S1_MAG quality'!$N222:$R222)
A223: coasm_bin.469 | B223: Pseudofulvimonas.1_m | C223: Pseudomonadota | D223: Gammaproteobacteria | E223: Xanthomonadales | F223: UBA2363 | G223: Pseudofulvimonas | H223: 66.01 | I223: 0.23 | J223: 2527093 | K223: 106 | L223: 0.72 | M223: 36949 | N223: 0.000356 | O223: 0.000452 | P223: 0.000449 | Q223: 0.000121 | R223: 8.39e-05 | S223: p__Pseudomonadota; c__Gammaproteobacteria; o__Xanthomonadales; f__; g__Pseudofulvimonas | T223: =AVERAGE('Table S1_MAG quality'!$N223:$R223)
A224: coasm_bin.47 | B224: Anaerolineaceae.3 | C224: Chloroflexota | D224: Anaerolineae | E224: Anaerolineales | F224: UBA6663 | G224: UBA6663 | H224: 98.04 | I224: 2.45 | J224: 5966548 | K224: 4 | L224: 0.66 | M224: 1752666 | N224: 0.000586 | O224: 0.000572 | P224: 0.00057 | Q224: 0.000634 | R224: 0.00141525 | S224: p__Chloroflexota; c__Anaerolineae; o__Anaerolineales; f__; g__ | T224: =AVERAGE('Table S1_MAG quality'!$N224:$R224)
A225: coasm_bin.471 | B225: Lysobacter_B.2_m | C225: Pseudomonadota | D225: Gammaproteobacteria | E225: Xanthomonadales | F225: Xanthomonadaceae | G225: Lysobacter_B | H225: 99.99 | I225: 0.21 | J225: 2887019 | K225: 10 | L225: 0.65 | M225: 651905 | N225: 0.000643 | O225: 0.000982 | P225: 0.000974 | Q225: 0.00034 | R225: 0.000399 | S225: p__Pseudomonadota; c__Gammaproteobacteria; o__Xanthomonadales; f__Xanthomonadaceae; g__Lysobacter_B | T225: =AVERAGE('Table S1_MAG quality'!$N225:$R225)
A226: coasm_bin.473 | B226: Anaerolinea.13 | C226: Chloroflexota | D226: Anaerolineae | E226: Anaerolineales | F226: Anaerolineaceae | G226: Anaerolinea | H226: 87.51 | I226: 4.98 | J226: 5503368 | K226: 169 | L226: 0.59 | M226: 52269 | N226: 0.000296 | O226: 0.000178 | P226: 0.000192 | Q226: 0.000481 | R226: 0.000168 | S226: p__Chloroflexota; c__Anaerolineae; o__Anaerolineales; f__Anaerolineaceae; g__Anaerolinea | T226: =AVERAGE('Table S1_MAG quality'!$N226:$R226)
A227: coasm_bin.476 | B227: Accumulibacter.3_m | C227: Pseudomonadota | D227: Gammaproteobacteria | E227: Burkholderiales | F227: Rhodocyclaceae | G227: Accumulibacter | H227: 52.64 | I227: 0.2 | J227: 2217274 | K227: 4 | L227: 0.62 | M227: 1374345 | N227: 0.003288143 | O227: 0.001859427 | P227: 0.001946052 | Q227: 0.008675474 | R227: 0.012596426 | S227: p__Pseudomonadota; c__Gammaproteobacteria; o__Burkholderiales; f__Rhodocyclaceae; g__Accumulibacter | T227: =AVERAGE('Table S1_MAG quality'!$N227:$R227)
A228: coasm_bin.479 | B228: Zambryskibacteraceae.1_m | C228: Patescibacteria | D228: Paceibacteria | E228: UBA9973 | F228: Zambryskibacteraceae | H228: 71.88 | I228: 0.45 | J228: 525065 | K228: 22 | L228: 0.35 | M228: 35967 | N228: 0.000506 | O228: 0.000178 | P228: 0.000236 | Q228: 2.71e-05 | R228: 2.62e-05 | S228: p__Patescibacteria; c__Paceibacteria; o__; f__Zambryskibacteraceae; g__ | T228: =AVERAGE('Table S1_MAG quality'!$N228:$R228)
A229: coasm_bin.481 | B229: Ca_Leptovillus.9 | C229: Chloroflexota | D229: Anaerolineae | E229: Promineifilales | F229: Promineifilaceae | G229: Leptovillus | H229: 100 | I229: 4.49 | J229: 6260831 | K229: 6 | L229: 0.57 | M229: 3282000 | N229: 0.024046545 | O229: 0.011338568 | P229: 0.01279865 | Q229: 0.039313242 | R229: 0.044990425 | S229: p__Chloroflexota; c__Anaerolineae; o__Promineifilales; f__Promineifilaceae; g__Leptovillus | T229: =AVERAGE('Table S1_MAG quality'!$N229:$R229)
...

Sheet Table S2a_RPKM per MAG
A1: Table S2a. Abundance of target genes (RPKM) per MAG
A2: K00376 is split into nosZ I and nosZ II columns.
A3: MAGs | B3: iterative ID | C3: RPKM_K00370 | D3: RPKM_K00371 | E3: RPKM_K00374 | F3: RPKM_K02567 | G3: RPKM_K02568 | H3: RPKM_K15864 | I3: RPKM_K00368 | J3: RPKM_K04561 | K3: RPKM_K02305 | L3: RPKM_nosZ I | M3: RPKM_nosZ II | N3: RPKM_K00362 | O3: RPKM_K00363 | P3: RPKM_K03385 | Q3: RPKM_K15876 | R3: RPKM_K00937 | S3: RPKM_K22468 | T3: RPKM_K01514 | U3: RPKM_K02036 | V3: RPKM_K02037 | W3: RPKM_K02038 | X3: RPKM_K02040 | Y3: RPKM_K02035 | Z3: RPKM_K02039 | AA3: RPKM_K07636 | AB3: RPKM_K07657 | AC3: RPKM_K00688 | AD3: RPKM_K00700 | AE3: RPKM_K00703 | AF3: RPKM_K00702 | AG3: RPKM_K01214 | AH3: RPKM_K00626 | AI3: RPKM_K00023 | AJ3: RPKM_K03821 | AK3: RPKM_K00634 | AL3: RPKM_K00925 | AM3: RPKM_K01895 | AN3: RPKM_K01659 | AO3: RPKM_K01720 | AP3: RPKM_K01908 | AQ3: RPKM_K01847 | AR3: RPKM_K01848 | AS3: RPKM_K05973
C4: narG / narZ / nxrA | D4: narH / narY / nxrB | E4: narI / narV / nxrC | F4: napA | G4: napB | H4: nirS | I4: nirK | J4: norB | K4: norC | L4: nosZ_I | M4: nosZ_II | N4: nirB | O4: nirD | P4: nrfA | Q4: nrfH | R4: ppk1 | S4: ppk2 | T4: ppx | U4: pstB | V4: pstC | W4: pstA | X4: pstS | Y4: ABC.PE.S | Z4: phoU | AA4: phoR | AB4: phoB | AC4: glgP | AD4: glgB | AE4: glgA | AF4: cp / E2.4.1.20 | AG4: ISA / treX | AH4: phaA / atoB | AI4: phaB / atoB? | AJ4: phaC | AK4: pta | AL4: ackA | AM4: acs | AN4: prpC | AO4: prpD | AP4: prpE | AQ4: mut | AR4: mcmA / mutA | AS4: pct / acyl-CoA transferase
A5: CAN_1_bin.148 | B5: Dokdonella.5 | C5: 0 | D5: 0 | E5: 0 | F5: 0 | G5: 0 | H5: 0 | I5: 0 | J5: 0 | K5: 0 | L5: 0 | M5: 0 | N5: 0 | O5: 0 | P5: 0 | Q5: 0 | R5: 0.68069999999999997 | S5: 0 | T5: 0 | U5: 2.5897000000000001 | V5: 2.2641 | W5: 2.2715999999999998 | X5: 2.0230999999999999 | Y5: 0 | Z5: 2.7227000000000001 | AA5: 2.8523999999999998 | AB5: 2.7795999999999998 | AC5: 0 | AD5: 0 | AE5: 0 | AF5: 0 | AG5: 0 | AH5: 1.6666000000000001 | AI5: 0 | AJ5: 0 | AK5: 0 | AL5: 0 | AM5: 0 | AN5: 0 | AO5: 0 | AP5: 0 | AQ5: 0 | AR5: 0 | AS5: 0
A6: CAN_1_bin.174 | B6: Gracilibacteria.30 | C6: 0 | D6: 0 | E6: 0 | F6: 0 | G6: 0 | H6: 0 | I6: 0 | J6: 0 | K6: 0 | L6: 0 | M6: 0 | N6: 0 | O6: 0 | P6: 0 | Q6: 0 | R6: 0 | S6: 0 | T6: 0 | U6: 0 | V6: 0 | W6: 0 | X6: 0 | Y6: 0 | Z6: 0 | AA6: 0 | AB6: 0 | AC6: 0 | AD6: 0 | AE6: 0 | AF6: 0 | AG6: 0 | AH6: 0 | AI6: 0 | AJ6: 0 | AK6: 0 | AL6: 0 | AM6: 0 | AN6: 0 | AO6: 0 | AP6: 0 | AQ6: 0 | AR6: 0 | AS6: 0
A7: CAN_1_bin.177 | B7: Pararhodobacter.1_m | C7: 0 | D7: 0 | E7: 0 | F7: 0 | G7: 0 | H7: 0 | I7: 0 | J7: 0 | K7: 0 | L7: 0 | M7: 0 | N7: 0 | O7: 0 | P7: 0 | Q7: 0 | R7: 0 | S7: 0 | T7: 0 | U7: 0 | V7: 0 | W7: 0 | X7: 0 | Y7: 0 | Z7: 0 | AA7: 0 | AB7: 0 | AC7: 0 | AD7: 0 | AE7: 0 | AF7: 0 | AG7: 0 | AH7: 0 | AI7: 0 | AJ7: 0 | AK7: 0 | AL7: 0 | AM7: 0 | AN7: 0 | AO7: 0 | AP7: 0 | AQ7: 0 | AR7: 0 | AS7: 0
A8: CAN_1_bin.180 | B8: Bdellovibrio.13 | C8: 0 | D8: 0 | E8: 0 | F8: 0 | G8: 0 | H8: 0 | I8: 0 | J8: 0 | K8: 0 | L8: 0 | M8: 0 | N8: 0 | O8: 0 | P8: 0 | Q8: 0 | R8: 0 | S8: 0 | T8: 0 | U8: 0 | V8: 0 | W8: 0 | X8: 0 | Y8: 0 | Z8: 0 | AA8: 0 | AB8: 0 | AC8: 0 | AD8: 0 | AE8: 0 | AF8: 0 | AG8: 0 | AH8: 0 | AI8: 0 | AJ8: 0 | AK8: 0 | AL8: 0 | AM8: 0 | AN8: 0 | AO8: 0 | AP8: 0 | AQ8: 0 | AR8: 0 | AS8: 0
A9: CAN_1_bin.195 | B9: Ca_Falkowbacteria.7 | C9: 0 | D9: 0 | E9: 0 | F9: 0 | G9: 0 | H9: 0 | I9: 0 | J9: 0 | K9: 0 | L9: 0 | M9: 0 | N9: 0 | O9: 0 | P9: 0 | Q9: 0 | R9: 0 | S9: 0 | T9: 0 | U9: 0 | V9: 0 | W9: 0 | X9: 0 | Y9: 0 | Z9: 0 | AA9: 0 | AB9: 0 | AC9: 0 | AD9: 0 | AE9: 0 | AF9: 0 | AG9: 0 | AH9: 0 | AI9: 0 | AJ9: 0 | AK9: 0 | AL9: 0 | AM9: 0 | AN9: 0 | AO9: 0 | AP9: 0 | AQ9: 0 | AR9: 0 | AS9: 0
A10: CAN_1_bin.2 | B10: Ignavibacteria.5 | C10: 0 | D10: 0 | E10: 0 | F10: 0 | G10: 0 | H10: 0 | I10: 0 | J10: 0 | K10: 0 | L10: 0 | M10: 0 | N10: 0 | O10: 0 | P10: 0 | Q10: 0 | R10: 0 | S10: 0 | T10: 0 | U10: 0 | V10: 0 | W10: 0 | X10: 0 | Y10: 0 | Z10: 0 | AA10: 0 | AB10: 0 | AC10: 0 | AD10: 0 | AE10: 0 | AF10: 0 | AG10: 0 | AH10: 0 | AI10: 0 | AJ10: 0 | AK10: 0 | AL10: 0 | AM10: 0 | AN10: 0 | AO10: 0 | AP10: 0 | AQ10: 0 | AR10: 0 | AS10: 0
A11: CAN_1_bin.210 | B11: Dokdonella.14 | C11: 0 | D11: 0 | E11: 0 | F11: 0 | G11: 0 | H11: 0 | I11: 0 | J11: 0 | K11: 0 | L11: 0 | M11: 0 | N11: 0 | O11: 0 | P11: 0 | Q11: 0 | R11: 0 | S11: 0 | T11: 0 | U11: 0 | V11: 0 | W11: 0 | X11: 0 | Y11: 0 | Z11: 0 | AA11: 0 | AB11: 0 | AC11: 0 | AD11: 0 | AE11: 0 | AF11: 0 | AG11: 0 | AH11: 0 | AI11: 0 | AJ11: 0 | AK11: 0 | AL11: 0 | AM11: 0 | AN11: 0 | AO11: 0 | AP11: 0 | AQ11: 0 | AR11: 0 | AS11: 0
A12: CAN_1_bin.48 | B12: Paceibacteria.1_m | C12: 0 | D12: 0 | E12: 0 | F12: 0 | G12: 0 | H12: 0 | I12: 0 | J12: 0 | K12: 0 | L12: 0 | M12: 0 | N12: 0 | O12: 0 | P12: 0 | Q12: 0 | R12: 0 | S12: 0 | T12: 0 | U12: 0 | V12: 0 | W12: 0 | X12: 0 | Y12: 0 | Z12: 0 | AA12: 0 | AB12: 0 | AC12: 0 | AD12: 0 | AE12: 0 | AF12: 0 | AG12: 0 | AH12: 0 | AI12: 0 | AJ12: 0 | AK12: 0 | AL12: 0 | AM12: 0 | AN12: 0 | AO12: 0 | AP12: 0 | AQ12: 0 | AR12: 0 | AS12: 0
A13: CAN_1_bin.5 | B13: Micavibrionaceae.1_m | C13: 0 | D13: 0 | E13: 0 | F13: 0 | G13: 0 | H13: 0 | I13: 0 | J13: 0 | K13: 0 | L13: 0 | M13: 0 | N13: 0 | O13: 0 | P13: 0 | Q13: 0 | R13: 0 | S13: 0 | T13: 0 | U13: 0 | V13: 0 | W13: 0 | X13: 0 | Y13: 0 | Z13: 0 | AA13: 0 | AB13: 0 | AC13: 0 | AD13: 0 | AE13: 0 | AF13: 0 | AG13: 0 | AH13: 0 | AI13: 20.061499999999999 | AJ13: 10.999499999999999 | AK13: 0 | AL13: 19.871400000000001 | AM13: 0 | AN13: 0 | AO13: 0 | AP13: 0 | AQ13: 0 | AR13: 0 | AS13: 0
A14: CAN_1_bin.77 | B14: Thermoanaerobaculia.1_m | C14: 0 | D14: 0 | E14: 0 | F14: 0 | G14: 0 | H14: 0 | I14: 0 | J14: 0 | K14: 0 | L14: 0 | M14: 0 | N14: 0 | O14: 0 | P14: 0 | Q14: 0 | R14: 0 | S14: 0 | T14: 0 | U14: 0 | V14: 0 | W14: 0 | X14: 0 | Y14: 0 | Z14: 0 | AA14: 0 | AB14: 0 | AC14: 0 | AD14: 0 | AE14: 0 | AF14: 0 | AG14: 0 | AH14: 0 | AI14: 0 | AJ14: 0 | AK14: 0 | AL14: 0 | AM14: 0 | AN14: 0 | AO14: 0 | AP14: 0 | AQ14: 0 | AR14: 13.2034 | AS14: 0
A15: CAN_1_bin.84 | B15: Phototrophicaceae.1_m | C15: 0 | D15: 0 | E15: 0 | F15: 0 | G15: 0 | H15: 0 | I15: 3.9771999999999998 | J15: 0 | K15: 0 | L15: 0 | M15: 0 | N15: 0 | O15: 0 | P15: 0 | Q15: 0 | R15: 0 | S15: 0 | T15: 0 | U15: 3.0828000000000002 | V15: 8.6744000000000003 | W15: 2.4459 | X15: 0 | Y15: 0 | Z15: 0 | AA15: 0 | AB15: 0 | AC15: 0 | AD15: 0 | AE15: 0 | AF15: 0 | AG15: 0 | AH15: 14.4015 | AI15: 0 | AJ15: 0 | AK15: 0 | AL15: 0 | AM15: 0 | AN15: 0 | AO15: 0 | AP15: 0 | AQ15: 0 | AR15: 0 | AS15: 0
A16: CAN_1_bin.98 | B16: Ca_Accumulibacter.23 | C16: 0 | D16: 0 | E16: 0 | F16: 0 | G16: 0 | H16: 0 | I16: 0 | J16: 0 | K16: 0 | L16: 0 | M16: 0 | N16: 48.147100000000002 | O16: 31.465299999999999 | P16: 0 | Q16: 0 | R16: 0 | S16: 38.790300000000002 | T16: 0 | U16: 0 | V16: 0 | W16: 0 | X16: 45.581800000000001 | Y16: 0 | Z16: 0 | AA16: 0 | AB16: 0 | AC16: 44.936300000000003 | AD16: 0 | AE16: 39.883200000000002 | AF16: 0 | AG16: 0 | AH16: 101.24299999999999 | AI16: 0 | AJ16: 80.185299999999998 | AK16: 0 | AL16: 0 | AM16: 0 | AN16: 0 | AO16: 0 | AP16: 0 | AQ16: 0 | AR16: 0 | AS16: 0
... A280: coasm_bin.93 | B280: Micropepsaceae.1 | C280: 0 | D280: 0 | E280: 0 | F280: 0 | G280: 0 | H280: 0 | I280: 0 | J280: 0 | K280: 0 | L280: 0 | M280: 0 | N280: 0 | O280: 0 | P280: 0 | Q280: 0 | R280: 0.56710000000000005 | S280: 0.3629 | T280: 0 | U280: 0.94330000000000003 | V280: 0.33810000000000001 | W280: 0.75149999999999995 | X280: 0.60899999999999999 | Y280: 3.2753000000000001 | Z280: 0.99970000000000003 | AA280: 0.70730000000000004 | AB280: 1.0471999999999999 | AC280: 0 | AD280: 0 | AE280: 0 | AF280: 0 | AG280: 0 | AH280: 6.2375999999999996 | AI280: 0.74619999999999997 | AJ280: 2.3184999999999998 | AK280: 0 | AL280: 0 | AM280: 0.49330000000000002 | AN280: 0 | AO280: 0 | AP280: 0 | AQ280: 2.1145 | AR280: 0 | AS280: 0.79249999999999998

Sheet Table S2b_RPKM per sample
A1: Table S2b. Abundance of target genes (RPKM) per sample
A2: Use one row per sample. K00376 is split into nosZ I and nosZ II columns.
A3: Sample ID | B3: RPKM_K00370 | C3: RPKM_K00371 | D3: RPKM_K00374 | E3: RPKM_K02567 | F3: RPKM_K02568 | G3: RPKM_K15864 | H3: RPKM_K00368 | I3: RPKM_K04561 | J3: RPKM_K02305 | K3: RPKM_nosZ I | L3: RPKM_nosZ II | M3: RPKM_K00362 | N3: RPKM_K00363 | O3: RPKM_K03385 | P3: RPKM_K15876 | Q3: RPKM_K00937 | R3: RPKM_K22468 | S3: RPKM_K01514 | T3: RPKM_K02036 | U3: RPKM_K02037 | V3: RPKM_K02038 | W3: RPKM_K02040 | X3: RPKM_K02035 | Y3: RPKM_K02039 | Z3: RPKM_K07636 | AA3: RPKM_K07657 | AB3: RPKM_K00688 | AC3: RPKM_K00700 | AD3: RPKM_K00703 | AE3: RPKM_K00702 | AF3: RPKM_K01214 | AG3: RPKM_K00134 | AH3: RPKM_K01596 | AI3: RPKM_K01006 | AJ3: RPKM_K00626 | AK3: RPKM_K00023 | AL3: RPKM_K03821 | AM3: RPKM_K00634 | AN3: RPKM_K00925 | AO3: RPKM_K01895 | AP3: RPKM_K01659 | AQ3: RPKM_K01720 | AR3: RPKM_K01908 | AS3: RPKM_K01847 | AT3: RPKM_K01848 | AU3: RPKM_K05973
B4: narG / narZ / nxrA | C4: narH / narY / nxrB | D4: narI / narV / nxrC | E4: napA | F4: napB | G4: nirS | H4: nirK | I4: norB | J4: norC | K4: nosZ_I | L4: nosZ_II | M4: nirB | N4: nirD | O4: nrfA | P4: nrfH | Q4: ppk1 | R4: ppk2 | S4: ppx | T4: pstB | U4: pstC | V4: pstA | W4: pstS | X4: ABC.PE.S | Y4: phoU | Z4: phoR | AA4: phoB | AB4: glgP | AC4: glgB | AD4: glgA | AE4: cp / E2.4.1.20 | AF4: ISA / treX | AG4: gapA / gap | AH4: pckA | AI4: ppdk | AJ4: phaA / atoB | AK4: phaB / atoB? | AL4: phaC | AM4: pta | AN4: ackA | AO4: acs | AP4: prpC | AQ4: prpD | AR4: prpE | AS4: mut | AT4: mcmA / mutA | AU4: pct / acyl-CoA transferase
A5: CAN_1 | B5: 815.7527 | C5: 1585.3367000000001 | D5: 496.7919 | E5: 164.51990000000001 | F5: 319.35070000000002 | G5: 755.51639999999998 | H5: 272.77969999999999 | I5: 576.94330000000002 | J5: 974.82429999999999 | K5: 71.787000000000006 | L5: 375.20310000000001 | M5: 972.63599999999997 | N5: 729.62379999999996 | O5: 620.67089999999996 | P5: 164.47640000000001 | Q5: 1494.0555999999999 | R5: 564.82240000000002 | S5: 1.1043000000000001 | T5: 1173.3851 | U5: 1060.9703 | V5: 934.00059999999996 | W5: 1815.1513 | X5: 1516.6178 | Y5: 1365.4380000000001 | Z5: 981.09540000000004 | AA5: 1062.0938000000001 | AB5: 1369.1443999999999 | AC5: 1480.5106000000001 | AD5: 587.60699999999997 | AE5: 495.53820000000002 | AF5: 991.42489999999998 | AJ5: 3035.7739000000001 | AK5: 904.45249999999999 | AL5: 2359.1873999999998 | AM5: 596.6019 | AN5: 1419.8732 | AO5: 2493.7791000000002 | AP5: 117.3052 | AQ5: 67.479200000000006 | AR5: 306.67509999999999 | AS5: 2626.3063999999999 | AT5: 446.81229999999999 | AU5: 317.0557
A6: CAN_2 | B6: 815.32650000000001 | C6: 1528.5678 | D6: 501.73239999999998 | E6: 206.96209999999999 | F6: 478.70589999999999 | G6: 749.40660000000003 | H6: 175.31700000000001 | I6: 616.56610000000001 | J6: 1144.6987999999999 | K6: 146.4271 | L6: 243.95150000000001 | M6: 1038.2379000000001 | N6: 879.33640000000003 | O6: 398.23489999999998 | P6: 125.4074 | Q6: 1534.0161000000001 | R6: 521.84460000000001 | S6: 3.0720999999999998 | T6: 1159.3963000000001 | U6: 1021.0732 | V6: 966.3193 | W6: 1772.5300999999999 | X6: 1394.5757000000001 | Y6: 1355.9082000000001 | Z6: 960.74919999999997 | AA6: 1136.8647000000001 | AB6: 1330.4041 | AC6: 1567.0751 | AD6: 574.47580000000005 | AE6: 439.25760000000002 | AF6: 1002.1421 | AJ6: 3261.4528 | AK6: 1248.9799 | AL6: 2502.0572999999999 | AM6: 647.27539999999999 | AN6: 1645.9293 | AO6: 2607.8159999999998 | AP6: 102.45399999999999 | AQ6: 46.346899999999998 | AR6: 343.34449999999998 | AS6: 2633.5043000000001 | AT6: 348.791 | AU6: 379.41919999999999
A7: CAN_3 | B7: 837.71370000000002 | C7: 1555.5350000000001 | D7: 526.41880000000003 | E7: 191.49590000000001 | F7: 465.84269999999998 | G7: 759.81500000000005 | H7: 175.1574 | I7: 637.60670000000005 | J7: 1162.4387999999999 | K7: 137.61259999999999 | L7: 253.6653 | M7: 1029.9123 | N7: 868.62429999999995 | O7: 406.46660000000003 | P7: 124.4907 | Q7: 1567.6628000000001 | R7: 533.00009999999997 | S7: 3.1040000000000001 | T7: 1192.7025000000001 | U7: 1051.9545000000001 | V7: 988.24760000000003 | W7: 1801.4069999999999 | X7: 1482.5708999999999 | Y7: 1350.0344 | Z7: 950.92079999999999 | AA7: 1093.3496 | AB7: 1359.5402999999999 | AC7: 1563.3938000000001 | AD7: 593.95799999999997 | AE7: 441.81259999999997 | AF7: 990.39110000000005 | AJ7: 3175.5852 | AK7: 1203.8779 | AL7: 2450.8454999999999 | AM7: 640.99670000000003 | AN7: 1639.4690000000001 | AO7: 2605.8337999999999 | AP7: 104.8947 | AQ7: 53.085500000000003 | AR7: 332.8922 | AS7: 2623.8542000000002 | AT7: 362.4298 | AU7: 389.53129999999999
A8: CAN_4 | B8: 419.53140000000002 | C8: 698.65480000000002 | D8: 288.53640000000001 | E8: 174.28319999999999 | F8: 274.24110000000002 | G8: 680.18320000000006 | H8: 366.93619999999999 | I8: 542.05399999999997 | J8: 474.5206 | K8: 58.480400000000003 | L8: 527.221 | M8: 657.24 | N8: 718.48519999999996 | O8: 698.73910000000001 | P8: 224.37559999999999 | Q8: 1127.8622 | R8: 1067.6322 | S8: 0 | T8: 1025.6772000000001 | U8: 926.79240000000004 | V8: 747.29949999999997 | W8: 1655.3994 | X8: 1747.9335000000001 | Y8: 1179.4455 | Z8: 989.53639999999996 | AA8: 839.42840000000001 | AB8: 1102.2654 | AC8: 1371.0916999999999 | AD8: 789.15419999999995 | AE8: 362.88229999999999 | AF8: 1070.4784 | AJ8: 2523.3413999999998 | AK8: 647.02530000000002 | AL8: 2055.7446 | AM8: 419.89440000000002 | AN8: 799.38739999999996 | AO8: 1646.5663 | AP8: 165.7756 | AQ8: 157.9417 | AR8: 346.77249999999998 | AS8: 1449.0153 | AT8: 519.12350000000004 | AU8: 306.41910000000001
A9: CAN_5 | B9: 216.8253 | C9: 338.4178 | D9: 184.35659999999999 | E9: 236.15119999999999 | F9: 442.149 | G9: 771.82770000000005 | H9: 349.47910000000002 | I9: 449.3578 | J9: 340.24020000000002 | K9: 47.627699999999997 | L9: 467.59899999999999 | M9: 554.45090000000005 | N9: 686.44159999999999 | O9: 296.52260000000001 | P9: 140.31569999999999 | Q9: 986.25630000000001 | R9: 1088.3153 | S9: 0 | T9: 845.5874 | U9: 670.59469999999999 | V9: 654.88739999999996 | W9: 1273.5044 | X9: 1575.5601999999999 | Y9: 935.80470000000003 | Z9: 985.8048 | AA9: 895.7373 | AB9: 1313.6932999999999 | AC9: 1167.1117999999999 | AD9: 692.44479999999999 | AE9: 277.78769999999997 | AF9: 971.51760000000002 | AJ9: 2162.2053000000001 | AK9: 538.43740000000003 | AL9: 1504.2512999999999 | AM9: 419.96190000000001 | AN9: 566.67340000000002 | AO9: 1348.3562999999999 | AP9: 156.6412 | AQ9: 181.43039999999999 | AR9: 363.94659999999999 | AS9: 1039.6818000000001 | AT9: 468.27679999999998 | AU9: 589.14189999999996

Sheet Table S3_gene copies
A1: Table S3. Gene copy number of target genes per MAG
A2: K00376 is split into nosZ I and nosZ II columns.
A3: MAGs | B3: iterative ID | C3: Taxonomy | D3: copy number_K00370 | E3: copy number_K00371 | F3: copy number_K00374 | G3: copy number_K02567 | H3: copy number_K02568 | I3: copy number_K15864 | J3: copy number_K00368 | K3: copy number_K04561 | L3: copy number_K02305 | M3: copy number_nosZ I | N3: copy number_nosZ II | O3: copy number_K00362 | P3: copy number_K00363 | Q3: copy number_K03385 | R3: copy number_K15876 | S3: copy number_K00937 | T3: copy number_K22468 | U3: copy number_K01514 | V3: copy number_K02036 | W3: copy number_K02037 | X3: copy number_K02038 | Y3: copy number_K02040 | Z3: copy number_K02035 | AA3: copy number_K02039 | AB3: copy number_K07636 | AC3: copy number_K07657 | AD3: copy number_K00688 | AE3: copy number_K00700 | AF3: copy number_K00703 | AG3: copy number_K00702 | AH3: copy number_K01214 | AI3: copy number_K00134 | AJ3: copy number_K01596 | AK3: copy number_K01006 | AL3: copy number_K00626 | AM3: copy number_K00023 | AN3: copy number_K03821 | AO3: copy number_K00634 | AP3: copy number_K00925 | AQ3: copy number_K01895 | AR3: copy number_K01659 | AS3: copy number_K01720 | AT3: copy number_K01908 | AU3: copy number_K01847 | AV3: copy number_K01848 | AW3: copy number_K05973
D4: narG / narZ / nxrA | E4: narH / narY / nxrB | F4: narI / narV / nxrC | G4: napA | H4: napB | I4: nirS | J4: nirK | K4: norB | L4: norC | M4: nosZ_I | N4: nosZ_II | O4: nirB | P4: nirD | Q4: nrfA | R4: nrfH | S4: ppk1 | T4: ppk2 | U4: ppx | V4: pstB | W4: pstC | X4: pstA | Y4: pstS | Z4: ABC.PE.S | AA4: phoU | AB4: phoR | AC4: phoB | AD4: glgP | AE4: glgB | AF4: glgA | AG4: cp / E2.4.1.20 | AH4: ISA / treX | AI4: gapA / gap | AJ4: pckA | AK4: ppdk | AL4: phaA / atoB | AM4: phaB / atoB? | AN4: phaC | AO4: pta | AP4: ackA | AQ4: acs | AR4: prpC | AS4: prpD | AT4: prpE | AU4: mut | AV4: mcmA / mutA | AW4: pct / acyl-CoA transferase
A5: CAN_1_bin.148 | B5: Dokdonella.5 | C5: =_xlfn.TEXTJOIN(";", TRUE,'Table S1_MAG quality'!C4:G4) | D5: 0 | E5: 0 | F5: 0 | G5: 0 | H5: 0 | I5: 0 | J5: 0 | K5: 0 | L5: 0 | M5: 0 | N5: 0 | O5: 0 | P5: 0 | Q5: 0 | R5: 0 | S5: 1 | T5: 0 | U5: 0 | V5: 1 | W5: 1 | X5: 1 | Y5: 1 | Z5: 0 | AA5: 1 | AB5: 1 | AC5: 1 | AD5: 0 | AE5: 0 | AF5: 0 | AG5: 0 | AH5: 0 | AI5: 1 | AJ5: 1 | AK5: 0 | AL5: 1 | AM5: 0 | AN5: 0 | AO5: 0 | AP5: 0 | AQ5: 0 | AR5: 0 | AS5: 0 | AT5: 0 | AU5: 0 | AV5: 0 | AW5: 0
A6: CAN_1_bin.174 | B6: Gracilibacteria.30 | C6: =_xlfn.TEXTJOIN(";", TRUE,'Table S1_MAG quality'!C5:G5) | D6: 0 | E6: 0 | F6: 0 | G6: 0 | H6: 0 | I6: 0 | J6: 0 | K6: 0 | L6: 0 | M6: 0 | N6: 0 | O6: 0 | P6: 0 | Q6: 0 | R6: 0 | S6: 0 | T6: 0 | U6: 0 | V6: 0 | W6: 0 | X6: 0 | Y6: 0 | Z6: 0 | AA6: 0 | AB6: 0 | AC6: 0 | AD6: 0 | AE6: 0 | AF6: 0 | AG6: 0 | AH6: 0 | AI6: 0 | AJ6: 0 | AK6: 0 | AL6: 0 | AM6: 0 | AN6: 0 | AO6: 0 | AP6: 0 | AQ6: 0 | AR6: 0 | AS6: 0 | AT6: 0 | AU6: 0 | AV6: 0 | AW6: 0
A7: CAN_1_bin.177 | B7: Pararhodobacter.1_m | C7: =_xlfn.TEXTJOIN(";", TRUE,'Table S1_MAG quality'!C6:G6) | D7: 0 | E7: 0 | F7: 0 | G7: 0 | H7: 0 | I7: 0 | J7: 0 | K7: 0 | L7: 0 | M7: 1 | N7: 0 | O7: 0 | P7: 0 | Q7: 0 | R7: 0 | S7: 0 | T7: 0 | U7: 0 | V7: 0 | W7: 0 | X7: 0 | Y7: 0 | Z7: 0 | AA7: 0 | AB7: 0 | AC7: 0 | AD7: 0 | AE7: 0 | AF7: 0 | AG7: 0 | AH7: 0 | AI7: 2 | AJ7: 0 | AK7: 1 | AL7: 0 | AM7: 0 | AN7: 0 | AO7: 0 | AP7: 0 | AQ7: 0 | AR7: 0 | AS7: 0 | AT7: 0 | AU7: 0 | AV7: 0 | AW7: 0
A8: CAN_1_bin.180 | B8: Bdellovibrio.13 | C8: =_xlfn.TEXTJOIN(";", TRUE,'Table S1_MAG quality'!C7:G7) | D8: 0 | E8: 0 | F8: 0 | G8: 0 | H8: 0 | I8: 0 | J8: 0 | K8: 0 | L8: 0 | M8: 0 | N8: 0 | O8: 0 | P8: 0 | Q8: 0 | R8: 0 | S8: 0 | T8: 0 | U8: 0 | V8: 0 | W8: 0 | X8: 0 | Y8: 0 | Z8: 0 | AA8: 0 | AB8: 0 | AC8: 0 | AD8: 0 | AE8: 0 | AF8: 0 | AG8: 0 | AH8: 0 | AI8: 1 | AJ8: 1 | AK8: 1 | AL8: 0 | AM8: 0 | AN8: 0 | AO8: 0 | AP8: 0 | AQ8: 0 | AR8: 0 | AS8: 0 | AT8: 0 | AU8: 0 | AV8: 0 | AW8: 0
A9: CAN_1_bin.195 | B9: Ca_Falkowbacteria.7 | C9: =_xlfn.TEXTJOIN(";", TRUE,'Table S1_MAG quality'!C8:G8) | D9: 0 | E9: 0 | F9: 0 | G9: 0 | H9: 0 | I9: 0 | J9: 0 | K9: 0 | L9: 0 | M9: 0 | N9: 0 | O9: 0 | P9: 0 | Q9: 0 | R9: 0 | S9: 0 | T9: 0 | U9: 0 | V9: 0 | W9: 0 | X9: 0 | Y9: 0 | Z9: 0 | AA9: 0 | AB9: 0 | AC9: 0 | AD9: 0 | AE9: 0 | AF9: 0 | AG9: 0 | AH9: 0 | AI9: 1 | AJ9: 0 | AK9: 0 | AL9: 0 | AM9: 0 | AN9: 0 | AO9: 0 | AP9: 0 | AQ9: 0 | AR9: 0 | AS9: 0 | AT9: 0 | AU9: 0 | AV9: 0 | AW9: 0
A10: CAN_1_bin.2 | B10: Ignavibacteria.5 | C10: =_xlfn.TEXTJOIN(";", TRUE,'Table S1_MAG quality'!C9:G9) | D10: 0 | E10: 0 | F10: 0 | G10: 0 | H10: 0 | I10: 0 | J10: 0 | K10: 0 | L10: 0 | M10: 0 | N10: 0 | O10: 0 | P10: 0 | Q10: 0 | R10: 0 | S10: 0 | T10: 0 | U10: 0 | V10: 0 | W10: 0 | X10: 0 | Y10: 0 | Z10: 0 | AA10: 0 | AB10: 0 | AC10: 0 | AD10: 0 | AE10: 0 | AF10: 0 | AG10: 0 | AH10: 0 | AI10: 1 | AJ10: 1 | AK10: 1 | AL10: 0 | AM10: 0 | AN10: 0 | AO10: 0 | AP10: 0 | AQ10: 0 | AR10: 0 | AS10: 0 | AT10: 0 | AU10: 0 | AV10: 0 | AW10: 0
A11: CAN_1_bin.210 | B11: Dokdonella.14 | C11: =_xlfn.TEXTJOIN(";", TRUE,'Table S1_MAG quality'!C10:G10) | D11: 0 | E11: 0 | F11: 0 | G11: 0 | H11: 0 | I11: 0 | J11: 0 | K11: 0 | L11: 0 | M11: 0 | N11: 0 | O11: 0 | P11: 0 | Q11: 0 | R11: 0 | S11: 0 | T11: 0 | U11: 0 | V11: 0 | W11: 0 | X11: 0 | Y11: 0 | Z11: 0 | AA11: 0 | AB11: 0 | AC11: 0 | AD11: 0 | AE11: 0 | AF11: 0 | AG11: 0 | AH11: 0 | AI11: 1 | AJ11: 1 | AK11: 0 | AL11: 0 | AM11: 0 | AN11: 0 | AO11: 0 | AP11: 0 | AQ11: 0 | AR11: 0 | AS11: 0 | AT11: 0 | AU11: 0 | AV11: 0 | AW11: 0
A12: CAN_1_bin.48 | B12: Paceibacteria.1_m | C12: =_xlfn.TEXTJOIN(";", TRUE,'Table S1_MAG quality'!C11:G11) | D12: 0 | E12: 0 | F12: 0 | G12: 0 | H12: 0 | I12: 0 | J12: 0 | K12: 0 | L12: 0 | M12: 0 | N12: 0 | O12: 0 | P12: 0 | Q12: 0 | R12: 0 | S12: 0 | T12: 0 | U12: 0 | V12: 0 | W12: 0 | X12: 0 | Y12: 0 | Z12: 0 | AA12: 0 | AB12: 0 | AC12: 0 | AD12: 0 | AE12: 0 | AF12: 0 | AG12: 0 | AH12: 0 | AI12: 0 | AJ12: 0 | AK12: 0 | AL12: 0 | AM12: 0 | AN12: 0 | AO12: 0 | AP12: 0 | AQ12: 0 | AR12: 0 | AS12: 0 | AT12: 0 | AU12: 0 | AV12: 0 | AW12: 0
A13: CAN_1_bin.5 | B13: Micavibrionaceae.1_m | C13: =_xlfn.TEXTJOIN(";", TRUE,'Table S1_MAG quality'!C12:G12) | D13: 0 | E13: 0 | F13: 0 | G13: 0 | H13: 0 | I13: 0 | J13: 0 | K13: 0 | L13: 0 | M13: 0 | N13: 0 | O13: 0 | P13: 0 | Q13: 0 | R13: 0 | S13: 0 | T13: 0 | U13: 0 | V13: 0 | W13: 0 | X13: 0 | Y13: 0 | Z13: 0 | AA13: 0 | AB13: 0 | AC13: 0 | AD13: 0 | AE13: 0 | AF13: 0 | AG13: 0 | AH13: 0 | AI13: 1 | AJ13: 0 | AK13: 1 | AL13: 0 | AM13: 1 | AN13: 1 | AO13: 0 | AP13: 1 | AQ13: 0 | AR13: 0 | AS13: 0 | AT13: 0 | AU13: 0 | AV13: 0 | AW13: 0
A14: CAN_1_bin.77 | B14: Thermoanaerobaculia.1_m | C14: =_xlfn.TEXTJOIN(";", TRUE,'Table S1_MAG quality'!C13:G13) | D14: 0 | E14: 0 | F14: 0 | G14: 0 | H14: 0 | I14: 0 | J14: 0 | K14: 0 | L14: 0 | M14: 0 | N14: 1 | O14: 0 | P14: 0 | Q14: 0 | R14: 0 | S14: 0 | T14: 0 | U14: 0 | V14: 0 | W14: 0 | X14: 0 | Y14: 0 | Z14: 0 | AA14: 0 | AB14: 0 | AC14: 0 | AD14: 0 | AE14: 0 | AF14: 0 | AG14: 0 | AH14: 0 | AI14: 1 | AJ14: 1 | AK14: 1 | AL14: 0 | AM14: 0 | AN14: 0 | AO14: 0 | AP14: 0 | AQ14: 0 | AR14: 0 | AS14: 0 | AT14: 0 | AU14: 0 | AV14: 1 | AW14: 0
A15: CAN_1_bin.84 | B15: Phototrophicaceae.1_m | C15: =_xlfn.TEXTJOIN(";", TRUE,'Table S1_MAG quality'!C14:G14) | D15: 0 | E15: 0 | F15: 0 | G15: 0 | H15: 0 | I15: 0 | J15: 1 | K15: 0 | L15: 0 | M15: 0 | N15: 0 | O15: 0 | P15: 0 | Q15: 0 | R15: 0 | S15: 0 | T15: 0 | U15: 0 | V15: 1 | W15: 1 | X15: 1 | Y15: 0 | Z15: 0 | AA15: 0 | AB15: 0 | AC15: 0 | AD15: 0 | AE15: 0 | AF15: 0 | AG15: 0 | AH15: 0 | AI15: 1 | AJ15: 1 | AK15: 1 | AL15: 2 | AM15: 0 | AN15: 0 | AO15: 0 | AP15: 0 | AQ15: 0 | AR15: 0 | AS15: 0 | AT15: 0 | AU15: 0 | AV15: 0 | AW15: 0
A16: CAN_1_bin.98 | B16: Ca_Accumulibacter.23 | C16: =_xlfn.TEXTJOIN(";", TRUE,'Table S1_MAG quality'!C15:G15) | D16: 0 | E16: 0 | F16: 0 | G16: 0 | H16: 0 | I16: 0 | J16: 0 | K16: 0 | L16: 0 | M16: 0 | N16: 1 | O16: 1 | P16: 1 | Q16: 0 | R16: 0 | S16: 0 | T16: 1 | U16: 0 | V16: 0 | W16: 0 | X16: 0 | Y16: 1 | Z16: 0 | AA16: 0 | AB16: 0 | AC16: 0 | AD16: 1 | AE16: 0 | AF16: 1 | AG16: 0 | AH16: 0 | AI16: 1 | AJ16: 1 | AK16: 1 | AL16: 2 | AM16: 0 | AN16: 2 | AO16: 0 | AP16: 0 | AQ16: 0 | AR16: 0 | AS16: 0 | AT16: 0 | AU16: 0 | AV16: 0 | AW16: 0
... A280: coasm_bin.93 | B280: Micropepsaceae.1 | C280: =_xlfn.TEXTJOIN(";", TRUE,'Table S1_MAG quality'!C279:G279) | D280: 0 | E280: 0 | F280: 0 | G280: 0 | H280: 0 | I280: 0 | J280: 0 | K280: 0 | L280: 0 | M280: 0 | N280: 0 | O280: 0 | P280: 0 | Q280: 0 | R280: 0 | S280: 1 | T280: 1 | U280: 0 | V280: 1 | W280: 1 | X280: 2 | Y280: 1 | Z280: 6 | AA280: 1 | AB280: 1 | AC280: 1 | AD280: 0 | AE280: 0 | AF280: 0 | AG280: 0 | AH280: 0 | AI280: 1 | AJ280: 0 | AK280: 1 | AL280: 9 | AM280: 1 | AN280: 3 | AO280: 0 | AP280: 0 | AQ280: 1 | AR280: 0 | AS280: 0 | AT280: 0 | AU280: 1 | AV280: 0 | AW280: 1
C281: =_xlfn.TEXTJOIN(";", TRUE,'Table S1_MAG quality'!C281:G281)
C282: =_xlfn.TEXTJOIN(";", TRUE,'Table S1_MAG quality'!C281:G281)
C283: =_xlfn.TEXTJOIN(";", TRUE,'Table S1_MAG quality'!C282:G282)

Sheet Table S4_nosZ_genecopy_type
A1: Table S4. Mags with NosZ genes, type and copy number
A2: Rerference tree
A3: MAG | B3: MAG iteration ID | C3: genus | D3: nosZ_copies | E3: cladeI | F3: cladeII | G3: cladeIII | H3: clade_call | I3: best_hmm_score
A4: CAN_1_bin.177 | B4: midas_g_155.3_ma | C4: Pararhodobacter | D4: 1 | E4: 1 | F4: 0 | G4: 0 | H4: I | I4: 755.8
A5: CAN_1_bin.77 | B5: UBA5066.1_m | C5: UBA5066 | D5: 1 | E5: 0 | F5: 1 | G5: 0 | H5: II | I5: 716.6
A6: CAN_1_bin.98 | B6: Ca_Accumulibacter.23_ma | C6: Accumulibacter | D6: 1 | E6: 0 | F6: 1 | G6: 0 | H6: II | I6: 714.7
A7: CAN_2_bin.173 | B7: JACDQM01.1_m | C7: JACDQM01 | D7: 1 | E7: 1 | F7: 0 | G7: 0 | H7: I | I7: 515.2
A8: CAN_2_bin.176 | B8: UBA5066.2_m | C8: UBA5066 | D8: 1 | E8: 0 | F8: 1 | G8: 0 | H8: II | I8: 725.8
A9: CAN_2_bin.23 | B9: Zoogloea.11_ma | C9: Zoogloea | D9: 1 | E9: 1 | F9: 0 | G9: 0 | H9: I | I9: 747.4
A10: CAN_2_bin.6 | B10: Denitratisoma.2_ma | C10: Desulfobacillus | D10: 1 | E10: 0 | F10: 1 | G10: 0 | H10: II | I10: 727
A11: CAN_2_bin.66 | B11: JACTMZ01.1_m | C11: JACTMZ01 | D11: 1 | E11: 0 | F11: 1 | G11: 0 | H11: II | I11: 691.3
A12: CAN_3_bin.10 | B12: Rhodobacter.13_ma | C12: JAAKGP01 | D12: 1 | E12: 1 | F12: 0 | G12: 0 | H12: I | I12: 745.8
A13: CAN_3_bin.203 | B13: JAEULV01.1_m | C13: JAEULV01 | D13: 1 | E13: 0 | F13: 1 | G13: 0 | H13: II | I13: 701
A14: CAN_3_bin.205 | B14: Niabella.2_ma | C14: Niabella | D14: 1 | E14: 0 | F14: 1 | G14: 0 | H14: II | I14: 720
A15: CAN_3_bin.208 | B15: Sulfuritalea.5_ma | C15: Azospira_A | D15: 1 | E15: 0 | F15: 1 | G15: 0 | H15: II | I15: 724.4
... A125: coasm_bin.61 | B125: midas_g_9628.1_ma | C125: UBA1930 | D125: 1 | E125: 0 | F125: 1 | G125: 0 | H125: II | I125: 721

Sheet Table S5 _ppk_ACC
A1: Table S4. Mags with NosZ genes, type and copy number
A2: Rerference tree
A3: MAG | B3: MAG iteration ID | C3: ppk1_type | D3: proposed_species | E3: SH-aLRT/UFBoot | F3: top_pid | G3: nearest_reference | H3: note
A4: CAN_1_bin.98 | C4: Type I (unclassified) | E4: / | F4: 87.7% (IE) | G4: Candidatus Accumulibacter sp. UBA11064 | H4: Type I, divergent/novel (max id ~88%, no established clade)
A5: CAN_4_bin.225 | C5: no ppk1 recovered | H5: Accumulibacter, ~92% size but 99 contigs (N50 85 kb); no ppk1 ORF assembled - gene likely split across a contig break (KO K00937=1 = sub-HMM fragment, not a full gene)
A6: CAN_4_bin.64 | C6: Type I (unclassified) | E6: 100/100 | F6: 99.1% (un) | G6: Candidatus Accumulibacter sp. UBA11064 | H6: Type I, unclassified (≈UBA11064, 99% id; ~88% to named clades)
A7: coasm_bin.185 | C7: IA | D7: Ca. Accumulibacter regalis | E7: 99.5/100 | F7: 100.0% (IA) | G7: Candidatus Accumulibacter phosphatis CANDO_1; Candidatus Accumulibacter phosphatis UW3; UCB HP1-ppk2 -02 | H7: clade IA
A8: coasm_bin.250 | C8: IC | D8: Ca. Accumulibacter delftensis | E8: 100/100 | F8: 99.8% (IC) | G8: Ca. A. delftensis; Inoc_ppk1_020 | H8: clade IC (delftensis vs meliphilus: closest delftensis)
A9: coasm_bin.347 | C9: IIA | D9: Ca. Accumulibacter phosphatis | E9: 81.9/99 | F9: 99.4% (IIA) | G9: Candidatus Accumulibacter phosphatis UW1; Candidatus Accumulibacter phosphatis UW9-POB; Candidatus Accumulibacter phosphatis UW5 | H9: clade IIA (phosphatis lineage, UW1 type strain)
A10: coasm_bin.476 | C10: no ppk1 recovered | H10: Accumulibacter, ~55% complete (2.2 Mb, 4 contigs); ppk1 not recovered in the assembly

Sheet KO_order_mapping
A1: module | B1: submodule | C1: KO | D1: gene | E1: enzyme_note
A2: Denitrification / N-cycle | B2: NO3_to_NO2 | C2: K00370 | D2: narG/narZ/nxrA | E2: nitrate reductase / nitrite oxidoreductase alpha subunit
A3: Denitrification / N-cycle | B3: NO3_to_NO2 | C3: K00371 | D3: narH/narY/nxrB | E3: nitrate reductase / nitrite oxidoreductase beta subunit
A4: Denitrification / N-cycle | B4: NO3_to_NO2 | C4: K00374 | D4: narI/narV | E4: nitrate reductase gamma subunit
A5: Denitrification / N-cycle | B5: NO3_to_NO2 | C5: K02567 | D5: napA | E5: periplasmic nitrate reductase large subunit
A6: Denitrification / N-cycle | B6: NO3_to_NO2 | C6: K02568 | D6: napB | E6: periplasmic nitrate reductase small subunit
A7: Denitrification / N-cycle | B7: NO2_to_NO | C7: K15864 | D7: nirS | E7: cytochrome cd1 nitrite reductase
A8: Denitrification / N-cycle | B8: NO2_to_NO | C8: K00368 | D8: nirK | E8: copper-containing nitrite reductase
A9: Denitrification / N-cycle | B9: NO_to_N2O | C9: K04561 | D9: norB | E9: nitric oxide reductase subunit B
A10: Denitrification / N-cycle | B10: NO_to_N2O | C10: K02305 | D10: norC | E10: nitric oxide reductase subunit C
A11: Denitrification / N-cycle | B11: N2O_to_N2 | C11: nosZ I | D11: nosZ clade I | E11: nitrous oxide reductase clade I
A12: Denitrification / N-cycle | B12: N2O_to_N2 | C12: nosZ II | D12: nosZ clade II | E12: nitrous oxide reductase clade II
... A47: Carbon / PHA / VFA | B47: VFA_activation | C47: K05973 | D47: pct/acyl-CoA transferase | E47: propionate/acyl-CoA transferase; verify

Sheet Table S6_ANI
A1: MAG bin name | B1: MAG iteration ID | C1: GTDB taxonomy | D1: Phylum | E1: Class | F1: Order | G1: Family | H1: Genus | I1: Species | J1: Closest reference genome name | K1: Closest reference accession | L1: Reference database | M1: ANI to closest reference (%) | N1: Alignment fraction / AF | O1: Query coverage (%) | P1: Reference coverage (%) | Q1: Species-level call | R1: Novelty interpretation | S1: Representative retained in Table 2? (Y/N) | T1: Notes
A2: CAN_1_bin.148 | B2: Dokdonella.5 | C2: d__Bacteria;p__Pseudomonadota;c__Gammaproteobacteria;o__Xanthomonadales;f__Rhodanobacteraceae;g__Dokdonella;s__ | D2: Pseudomonadota | E2: Gammaproteobacteria | F2: Xanthomonadales | G2: Rhodanobacteraceae | H2: Dokdonella | L2: GTDB R220 (GTDB-Tk v2.7.2, classify_wf) | Q2: Unresolved by ANI (GTDB species novel; s__ unassigned) | R2: No close ANI hit and GTDB assigns no species (novel at species level; GTDB-resolved to genus); evaluate exact ANI/AF (skani vs GTDB reps) or AAI/phylogeny. | T2: GTDB-Tk classification_method: taxonomic classification fully defined by topology. GTDB-Tk note: classification based on placement in class-level tree.
A3: CAN_1_bin.174 | B3: Gracilibacteria.30 | C3: d__Bacteria;p__Patescibacteria;c__JAEDAM01;o__BD1-5;f__UBA2023;g__UBA5532;s__UBA5532 sp002426885 | D3: Patescibacteria | E3: JAEDAM01 | F3: BD1-5 | G3: UBA2023 | H3: UBA5532 | I3: UBA5532 sp002426885 | J3: UBA5532 sp002426885 | K3: GCA_002426885.1 | L3: GTDB R220 (GTDB-Tk v2.7.2, classify_wf) | M3: 95.25 | N3: 0.836 | Q3: Same species cluster | R3: Same species-level cluster as closest reference. | T3: Distinct genome within GTDB species s__UBA5532 sp002426885; co-member(s): CAN_5_bin.90. Separate dRep 95% representatives (same GTDB species != same dRep cluster); not a dereplication error. GTDB-Tk classification_method: ani_screen. GTDB-Tk note: classification based on ANI only.
A4: CAN_1_bin.177 | B4: Pararhodobacter.1_m | C4: d__Bacteria;p__Pseudomonadota;c__Alphaproteobacteria;o__Rhodobacterales;f__Rhodobacteraceae;g__Pararhodobacter;s__ | D4: Pseudomonadota | E4: Alphaproteobacteria | F4: Rhodobacterales | G4: Rhodobacteraceae | H4: Pararhodobacter | L4: GTDB R220 (GTDB-Tk v2.7.2, classify_wf) | Q4: Unresolved by ANI (GTDB species novel; s__ unassigned) | R4: No close ANI hit and GTDB assigns no species (novel at species level; GTDB-resolved to genus); evaluate exact ANI/AF (skani vs GTDB reps) or AAI/phylogeny. | T4: GTDB-Tk classification_method: taxonomic classification fully defined by topology. GTDB-Tk note: classification based on placement in class-level tree.
A5: CAN_1_bin.180 | B5: Bdellovibrio.13 | C5: d__Bacteria;p__Bdellovibrionota;c__Bdellovibrionia;o__Bdellovibrionales;f__Bdellovibrionaceae;g__UBA2316;s__ | D5: Bdellovibrionota | E5: Bdellovibrionia | F5: Bdellovibrionales | G5: Bdellovibrionaceae | H5: UBA2316 | L5: GTDB R220 (GTDB-Tk v2.7.2, classify_wf) | Q5: Unresolved by ANI (GTDB species novel; s__ unassigned) | R5: No close ANI hit and GTDB assigns no species (novel at species level; GTDB-resolved to genus); evaluate exact ANI/AF (skani vs GTDB reps) or AAI/phylogeny. | T5: GTDB-Tk classification_method: taxonomic classification fully defined by topology. GTDB-Tk note: classification based on placement in class-level tree.
A6: CAN_1_bin.195 | B6: Ca_Falkowbacteria.7 | C6: d__Bacteria;p__Patescibacteria;c__ABY1;o__BM507;f__UBA917;g__UBA919;s__ | D6: Patescibacteria | E6: ABY1 | F6: BM507 | G6: UBA917 | H6: UBA919 | L6: GTDB R220 (GTDB-Tk v2.7.2, classify_wf) | Q6: Unresolved by ANI (GTDB species novel; s__ unassigned) | R6: No close ANI hit and GTDB assigns no species (novel at species level; GTDB-resolved to genus); evaluate exact ANI/AF (skani vs GTDB reps) or AAI/phylogeny. | T6: GTDB-Tk classification_method: taxonomic classification fully defined by topology. GTDB-Tk note: classification based on placement in class-level tree.
A7: CAN_1_bin.2 | B7: Ignavibacteria.5 | C7: d__Bacteria;p__Bacteroidota;c__Ignavibacteria;o__SJA-28;f__B-1AR;g__;s__ | D7: Bacteroidota | E7: Ignavibacteria | F7: SJA-28 | G7: B-1AR | L7: GTDB R220 (GTDB-Tk v2.7.2, classify_wf) | Q7: Unresolved by ANI (GTDB species novel; s__ unassigned) | R7: No close ANI hit and GTDB assigns no species (novel at species level; GTDB-resolved to family); evaluate exact ANI/AF (skani vs GTDB reps) or AAI/phylogeny. | T7: GTDB-Tk classification_method: taxonomic novelty determined using RED. GTDB-Tk note: classification based on placement in class-level tree.
A8: CAN_1_bin.210 | B8: Dokdonella.14 | C8: d__Bacteria;p__Pseudomonadota;c__Gammaproteobacteria;o__Xanthomonadales;f__Rhodanobacteraceae;g__Dokdonella;s__ | D8: Pseudomonadota | E8: Gammaproteobacteria | F8: Xanthomonadales | G8: Rhodanobacteraceae | H8: Dokdonella | L8: GTDB R220 (GTDB-Tk v2.7.2, classify_wf) | Q8: Unresolved by ANI (GTDB species novel; s__ unassigned) | R8: No close ANI hit and GTDB assigns no species (novel at species level; GTDB-resolved to genus); evaluate exact ANI/AF (skani vs GTDB reps) or AAI/phylogeny. | T8: GTDB-Tk classification_method: taxonomic classification fully defined by topology. GTDB-Tk note: classification based on placement in class-level tree.
A9: CAN_1_bin.48 | B9: Paceibacteria.1_m | C9: d__Bacteria;p__Patescibacteria;c__Paceibacteria;o__UBA6257;f__GWB1-50-10;g__;s__ | D9: Patescibacteria | E9: Paceibacteria | F9: UBA6257 | G9: GWB1-50-10 | L9: GTDB R220 (GTDB-Tk v2.7.2, classify_wf) | Q9: Unresolved by ANI (GTDB species novel; s__ unassigned) | R9: No close ANI hit and GTDB assigns no species (novel at species level; GTDB-resolved to family); evaluate exact ANI/AF (skani vs GTDB reps) or AAI/phylogeny. | T9: GTDB-Tk classification_method: taxonomic classification fully defined by topology. GTDB-Tk note: classification based on placement in class-level tree.
A10: CAN_1_bin.5 | B10: Micavibrionaceae.1_m | C10: d__Bacteria;p__Pseudomonadota;c__Alphaproteobacteria;o__Micavibrionales;f__Micavibrionaceae;g__UBA1573;s__UBA1573 sp002425415 | D10: Pseudomonadota | E10: Alphaproteobacteria | F10: Micavibrionales | G10: Micavibrionaceae | H10: UBA1573 | I10: UBA1573 sp002425415 | J10: UBA1573 sp002425415 | K10: GCA_002425415.1 | L10: GTDB R220 (GTDB-Tk v2.7.2, classify_wf) | M10: 99.08 | N10: 0.883 | Q10: Same species cluster | R10: Same species-level cluster as closest reference. | T10: GTDB-Tk classification_method: ani_screen. GTDB-Tk note: classification based on ANI only.
A11: CAN_1_bin.77 | B11: Thermoanaerobaculia.1_m | C11: d__Bacteria;p__Acidobacteriota;c__Thermoanaerobaculia;o__UBA5066;f__UBA5066;g__UBA5066;s__ | D11: Acidobacteriota | E11: Thermoanaerobaculia | F11: UBA5066 | G11: UBA5066 | H11: UBA5066 | L11: GTDB R220 (GTDB-Tk v2.7.2, classify_wf) | Q11: Unresolved by ANI (GTDB species novel; s__ unassigned) | R11: No close ANI hit and GTDB assigns no species (novel at species level; GTDB-resolved to genus); evaluate exact ANI/AF (skani vs GTDB reps) or AAI/phylogeny. | T11: GTDB-Tk classification_method: taxonomic classification fully defined by topology. GTDB-Tk note: classification based on placement in class-level tree.
A12: CAN_1_bin.84 | B12: Phototrophicaceae.1_m | C12: d__Bacteria;p__Chloroflexota;c__Anaerolineae;o__Aggregatilineales;f__Phototrophicaceae;g__CFX2;s__CFX2 sp017303775 | D12: Chloroflexota | E12: Anaerolineae | F12: Aggregatilineales | G12: Phototrophicaceae | H12: CFX2 | I12: CFX2 sp017303775 | J12: CFX2 sp017303775 | K12: GCA_017303775.1 | L12: GTDB R220 (GTDB-Tk v2.7.2, classify_wf) | M12: 98.81 | N12: 0.953 | Q12: Same species cluster | R12: Same species-level cluster as closest reference. | T12: GTDB-Tk classification_method: ani_screen. GTDB-Tk note: classification based on ANI only.
A13: CAN_1_bin.98 | B13: Ca_Accumulibacter.23 | C13: d__Bacteria;p__Pseudomonadota;c__Gammaproteobacteria;o__Burkholderiales;f__Rhodocyclaceae;g__Accumulibacter;s__Accumulibacter sp014879755 | D13: Pseudomonadota | E13: Gammaproteobacteria | F13: Burkholderiales | G13: Rhodocyclaceae | H13: Accumulibacter | I13: Accumulibacter sp014879755 | J13: Accumulibacter sp014879755 | K13: GCF_024235695.1 | L13: GTDB R220 (GTDB-Tk v2.7.2, classify_wf) | M13: 99.48 | N13: 0.963 | Q13: Same species cluster | R13: Same species-level cluster as closest reference. | T13: GTDB-Tk classification_method: ani_screen. GTDB-Tk note: classification based on ANI only.
A14: CAN_2_bin.125 | B14: Pseudoxanthomonas_A.1_m | C14: d__Bacteria;p__Pseudomonadota;c__Gammaproteobacteria;o__Xanthomonadales;f__Xanthomonadaceae;g__Pseudoxanthomonas_A;s__Pseudoxanthomonas_A mexicana | D14: Pseudomonadota | E14: Gammaproteobacteria | F14: Xanthomonadales | G14: Xanthomonadaceae | H14: Pseudoxanthomonas_A | I14: Pseudoxanthomonas_A mexicana | J14: Pseudoxanthomonas_A mexicana | K14: GCF_010093385.1 | L14: GTDB R220 (GTDB-Tk v2.7.2, classify_wf) | M14: 97.15 | N14: 0.867 | Q14: Same species cluster | R14: Same species-level cluster as closest reference. | T14: GTDB-Tk classification_method: ani_screen. GTDB-Tk note: classification based on ANI only.
A15: CAN_2_bin.151 | B15: Brevundimonas.4 | C15: d__Bacteria;p__Pseudomonadota;c__Alphaproteobacteria;o__Caulobacterales;f__Caulobacteraceae;g__Brevundimonas;s__ | D15: Pseudomonadota | E15: Alphaproteobacteria | F15: Caulobacterales | G15: Caulobacteraceae | H15: Brevundimonas | L15: GTDB R220 (GTDB-Tk v2.7.2, classify_wf) | Q15: Unresolved by ANI (GTDB species novel; s__ unassigned) | R15: No close ANI hit and GTDB assigns no species (novel at species level; GTDB-resolved to genus); evaluate exact ANI/AF (skani vs GTDB reps) or AAI/phylogeny. | T15: GTDB-Tk classification_method: taxonomic classification fully defined by topology. GTDB-Tk note: classification based on placement in class-level tree.
A16: CAN_2_bin.159 | B16: Pseudoxanthomonas.23 | C16: d__Bacteria;p__Pseudomonadota;c__Gammaproteobacteria;o__Xanthomonadales;f__Xanthomonadaceae;g__Pseudoxanthomonas;s__Pseudoxanthomonas sp017302035 | D16: Pseudomonadota | E16: Gammaproteobacteria | F16: Xanthomonadales | G16: Xanthomonadaceae | H16: Pseudoxanthomonas | I16: Pseudoxanthomonas sp017302035 | J16: Pseudoxanthomonas sp017302035 | K16: GCA_017302035.1 | L16: GTDB R220 (GTDB-Tk v2.7.2, classify_wf) | M16: 99.25 | N16: 0.903 | Q16: Same species cluster | R16: Same species-level cluster as closest reference. | T16: GTDB-Tk classification_method: ani_screen. GTDB-Tk note: classification based on ANI only.
A17: CAN_2_bin.173 | B17: Burkholderiaceae.1_m | C17: d__Bacteria;p__Pseudomonadota;c__Gammaproteobacteria;o__Burkholderiales;f__Burkholderiaceae;g__JACDQM01;s__ | D17: Pseudomonadota | E17: Gammaproteobacteria | F17: Burkholderiales | G17: Burkholderiaceae | H17: JACDQM01 | L17: GTDB R220 (GTDB-Tk v2.7.2, classify_wf) | Q17: Unresolved by ANI (GTDB species novel; s__ unassigned) | R17: No close ANI hit and GTDB assigns no species (novel at species level; GTDB-resolved to genus); evaluate exact ANI/AF (skani vs GTDB reps) or AAI/phylogeny. | T17: GTDB-Tk classification_method: taxonomic novelty determined using RED. GTDB-Tk note: classification based on placement in class-level tree.
A18: CAN_2_bin.176 | B18: Thermoanaerobaculia.2_m | C18: d__Bacteria;p__Acidobacteriota;c__Thermoanaerobaculia;o__UBA5066;f__UBA5066;g__UBA5066;s__ | D18: Acidobacteriota | E18: Thermoanaerobaculia | F18: UBA5066 | G18: UBA5066 | H18: UBA5066 | L18: GTDB R220 (GTDB-Tk v2.7.2, classify_wf) | Q18: Unresolved by ANI (GTDB species novel; s__ unassigned) | R18: No close ANI hit and GTDB assigns no species (novel at species level; GTDB-resolved to genus); evaluate exact ANI/AF (skani vs GTDB reps) or AAI/phylogeny. | T18: GTDB-Tk classification_method: taxonomic classification fully defined by topology. GTDB-Tk note: classification based on placement in class-level tree.
A19: CAN_2_bin.23 | B19: Zoogloea.11 | C19: d__Bacteria;p__Pseudomonadota;c__Gammaproteobacteria;o__Burkholderiales;f__Rhodocyclaceae;g__Zoogloea;s__Zoogloea sp023150065 | D19: Pseudomonadota | E19: Gammaproteobacteria | F19: Burkholderiales | G19: Rhodocyclaceae | H19: Zoogloea | I19: Zoogloea sp023150065 | J19: Zoogloea sp023150065 | K19: GCF_023150065.1 | L19: GTDB R220 (GTDB-Tk v2.7.2, classify_wf) | M19: 95.64 | N19: 0.831 | Q19: Same species cluster | R19: Same species-level cluster as closest reference. | T19: GTDB-Tk classification_method: ani_screen. GTDB-Tk note: classification based on ANI only.
A20: CAN_2_bin.6 | B20: Desulfobacillus.1_m | C20: d__Bacteria;p__Pseudomonadota;c__Gammaproteobacteria;o__Burkholderiales;f__Rhodocyclaceae;g__Desulfobacillus;s__ | D20: Pseudomonadota | E20: Gammaproteobacteria | F20: Burkholderiales | G20: Rhodocyclaceae | H20: Desulfobacillus | L20: GTDB R220 (GTDB-Tk v2.7.2, classify_wf) | Q20: Unresolved by ANI (GTDB species novel; s__ unassigned) | R20: No close ANI hit and GTDB assigns no species (novel at species level; GTDB-resolved to genus); evaluate exact ANI/AF (skani vs GTDB reps) or AAI/phylogeny. | T20: GTDB-Tk classification_method: taxonomic classification fully defined by topology. GTDB-Tk note: classification based on placement in class-level tree.
A21: CAN_2_bin.66 | B21: Chthoniobacterales.1_m | C21: d__Bacteria;p__Verrucomicrobiota;c__Verrucomicrobiae;o__Chthoniobacterales;f__JACTMZ01;g__JACTMZ01;s__ | D21: Verrucomicrobiota | E21: Verrucomicrobiae | F21: Chthoniobacterales | G21: JACTMZ01 | H21: JACTMZ01 | L21: GTDB R220 (GTDB-Tk v2.7.2, classify_wf) | Q21: Unresolved by ANI (GTDB species novel; s__ unassigned) | R21: No close ANI hit and GTDB assigns no species (novel at species level; GTDB-resolved to genus); evaluate exact ANI/AF (skani vs GTDB reps) or AAI/phylogeny. | T21: GTDB-Tk classification_method: taxonomic classification fully defined by topology. GTDB-Tk note: classification based on placement in class-level tree.
A22: CAN_3_bin.10 | B22: Rhodobacter.13 | C22: d__Bacteria;p__Pseudomonadota;c__Alphaproteobacteria;o__Rhodobacterales;f__Rhodobacteraceae;g__JAAKGP01;s__ | D22: Pseudomonadota | E22: Alphaproteobacteria | F22: Rhodobacterales | G22: Rhodobacteraceae | H22: JAAKGP01 | L22: GTDB R220 (GTDB-Tk v2.7.2, classify_wf) | Q22: Unresolved by ANI (GTDB species novel; s__ unassigned) | R22: No close ANI hit and GTDB assigns no species (novel at species level; GTDB-resolved to genus); evaluate exact ANI/AF (skani vs GTDB reps) or AAI/phylogeny. | T22: GTDB-Tk classification_method: taxonomic classification fully defined by topology. GTDB-Tk note: classification based on placement in class-level tree.
A23: CAN_3_bin.124 | B23: Thermomonas.1 | C23: d__Bacteria;p__Pseudomonadota;c__Gammaproteobacteria;o__Xanthomonadales;f__Xanthomonadaceae;g__Thermomonas;s__ | D23: Pseudomonadota | E23: Gammaproteobacteria | F23: Xanthomonadales | G23: Xanthomonadaceae | H23: Thermomonas | L23: GTDB R220 (GTDB-Tk v2.7.2, classify_wf) | Q23: Unresolved by ANI (GTDB species novel; s__ unassigned) | R23: No close ANI hit and GTDB assigns no species (novel at species level; GTDB-resolved to genus); evaluate exact ANI/AF (skani vs GTDB reps) or AAI/phylogeny. | T23: GTDB-Tk classification_method: taxonomic classification fully defined by topology. GTDB-Tk note: classification based on placement in class-level tree.
A24: CAN_3_bin.13 | B24: Pseudoxanthomonas_A.2_m | C24: d__Bacteria;p__Pseudomonadota;c__Gammaproteobacteria;o__Xanthomonadales;f__Xanthomonadaceae;g__Pseudoxanthomonas_A;s__Pseudoxanthomonas_A japonensis | D24: Pseudomonadota | E24: Gammaproteobacteria | F24: Xanthomonadales | G24: Xanthomonadaceae | H24: Pseudoxanthomonas_A | I24: Pseudoxanthomonas_A japonensis | J24: Pseudoxanthomonas_A japonensis | K24: GCF_010093445.1 | L24: GTDB R220 (GTDB-Tk v2.7.2, classify_wf) | M24: 97.36 | N24: 0.859 | Q24: Same species cluster | R24: Same species-level cluster as closest reference. | T24: GTDB-Tk classification_method: ani_screen. GTDB-Tk note: classification based on ANI only.
A25: CAN_3_bin.203 | B25: Ancalomicrobiaceae.1_m | C25: d__Bacteria;p__Pseudomonadota;c__Alphaproteobacteria;o__Rhizobiales;f__Ancalomicrobiaceae;g__JAEULV01;s__JAEULV01 sp016793065 | D25: Pseudomonadota | E25: Alphaproteobacteria | F25: Rhizobiales | G25: Ancalomicrobiaceae | H25: JAEULV01 | I25: JAEULV01 sp016793065 | J25: JAEULV01 sp016793065 | K25: GCA_016793065.1 | L25: GTDB R220 (GTDB-Tk v2.7.2, classify_wf) | M25: 99.25 | N25: 0.94 | Q25: Same species cluster | R25: Same species-level cluster as closest reference. | T25: GTDB-Tk classification_method: ani_screen. GTDB-Tk note: classification based on ANI only.
A26: CAN_3_bin.205 | B26: Niabella.2 | C26: d__Bacteria;p__Bacteroidota;c__Bacteroidia;o__Chitinophagales;f__Chitinophagaceae;g__Niabella;s__ | D26: Bacteroidota | E26: Bacteroidia | F26: Chitinophagales | G26: Chitinophagaceae | H26: Niabella | L26: GTDB R220 (GTDB-Tk v2.7.2, classify_wf) | Q26: Unresolved by ANI (GTDB species novel; s__ unassigned) | R26: No close ANI hit and GTDB assigns no species (novel at species level; GTDB-resolved to genus); evaluate exact ANI/AF (skani vs GTDB reps) or AAI/phylogeny. | T26: GTDB-Tk classification_method: taxonomic classification fully defined by topology. GTDB-Tk note: classification based on placement in class-level tree.
A27: CAN_3_bin.208 | B27: Azospira_A.1_m | C27: d__Bacteria;p__Pseudomonadota;c__Gammaproteobacteria;o__Burkholderiales;f__Rhodocyclaceae;g__Azospira_A;s__ | D27: Pseudomonadota | E27: Gammaproteobacteria | F27: Burkholderiales | G27: Rhodocyclaceae | H27: Azospira_A | L27: GTDB R220 (GTDB-Tk v2.7.2, classify_wf) | Q27: Unresolved by ANI (GTDB species novel; s__ unassigned) | R27: No close ANI hit and GTDB assigns no species (novel at species level; GTDB-resolved to genus); evaluate exact ANI/AF (skani vs GTDB reps) or AAI/phylogeny. | T27: GTDB-Tk classification_method: taxonomic classification fully defined by topology. GTDB-Tk note: classification based on placement in class-level tree.
A28: CAN_3_bin.216 | B28: Zoogloea.3 | C28: d__Bacteria;p__Pseudomonadota;c__Gammaproteobacteria;o__Burkholderiales;f__Rhodocyclaceae;g__Zoogloea;s__ | D28: Pseudomonadota | E28: Gammaproteobacteria | F28: Burkholderiales | G28: Rhodocyclaceae | H28: Zoogloea | L28: GTDB R220 (GTDB-Tk v2.7.2, classify_wf) | Q28: Unresolved by ANI (GTDB species novel; s__ unassigned) | R28: No close ANI hit and GTDB assigns no species (novel at species level; GTDB-resolved to genus); evaluate exact ANI/AF (skani vs GTDB reps) or AAI/phylogeny. | T28: GTDB-Tk classification_method: taxonomic classification fully defined by topology. GTDB-Tk note: classification based on placement in class-level tree.
A29: CAN_3_bin.221 | B29: Ignavibacteria.31 | C29: d__Bacteria;p__Bacteroidota;c__Ignavibacteria;o__SJA-28;f__OLB5;g__OLB5;s__OLB5 sp002344125 | D29: Bacteroidota | E29: Ignavibacteria | F29: SJA-28 | G29: OLB5 | H29: OLB5 | I29: OLB5 sp002344125 | J29: OLB5 sp002344125 | K29: GCA_002344125.1 | L29: GTDB R220 (GTDB-Tk v2.7.2, classify_wf) | M29: 97.15 | N29: 0.833 | Q29: Same species cluster | R29: Same species-level cluster as closest reference. | T29: GTDB-Tk classification_method: ani_screen. GTDB-Tk note: classification based on ANI only.
A30: CAN_3_bin.227 | B30: Kapaibacterium.1_m | C30: d__Bacteria;p__Bacteroidota;c__Kapaibacteriia;o__Kapaibacteriales;f__Kapaibacteriaceae;g__Kapaibacterium;s__ | D30: Bacteroidota | E30: Kapaibacteriia | F30: Kapaibacteriales | G30: Kapaibacteriaceae | H30: Kapaibacterium | L30: GTDB R220 (GTDB-Tk v2.7.2, classify_wf) | Q30: Unresolved by ANI (GTDB species novel; s__ unassigned) | R30: No close ANI hit and GTDB assigns no species (novel at species level; GTDB-resolved to genus); evaluate exact ANI/AF (skani vs GTDB reps) or AAI/phylogeny. | T30: GTDB-Tk classification_method: taxonomic classification fully defined by topology. GTDB-Tk note: classification based on placement in class-level tree.
A31: CAN_3_bin.43 | B31: Luteimonas.2 | C31: d__Bacteria;p__Pseudomonadota;c__Gammaproteobacteria;o__Xanthomonadales;f__Xanthomonadaceae;g__Luteimonas_D;s__ | D31: Pseudomonadota | E31: Gammaproteobacteria | F31: Xanthomonadales | G31: Xanthomonadaceae | H31: Luteimonas_D | L31: GTDB R220 (GTDB-Tk v2.7.2, classify_wf) | Q31: Unresolved by ANI (GTDB species novel; s__ unassigned) | R31: No close ANI hit and GTDB assigns no species (novel at species level; GTDB-resolved to genus); evaluate exact ANI/AF (skani vs GTDB reps) or AAI/phylogeny. | T31: GTDB-Tk classification_method: taxonomic classification fully defined by topology. GTDB-Tk note: classification based on placement in class-level tree.
A32: CAN_4_bin.103 | B32: Aggregatilineales.1_m | C32: d__Bacteria;p__Chloroflexota;c__Anaerolineae;o__Aggregatilineales;f__UBA2796;g__UBA2796;s__UBA2796 sp014879835 | D32: Chloroflexota | E32: Anaerolineae | F32: Aggregatilineales | G32: UBA2796 | H32: UBA2796 | I32: UBA2796 sp014879835 | J32: UBA2796 sp014879835 | K32: GCA_014879835.1 | L32: GTDB R220 (GTDB-Tk v2.7.2, classify_wf) | M32: 99.05 | N32: 0.919 | Q32: Same species cluster | R32: Same species-level cluster as closest reference. | T32: GTDB-Tk classification_method: ani_screen. GTDB-Tk note: classification based on ANI only.
A33: CAN_4_bin.107 | B33: Ca_Caldilinea.1 | C33: d__Bacteria;p__Chloroflexota;c__Anaerolineae;o__Caldilineales;f__Caldilineaceae;g__Caldilinea;s__ | D33: Chloroflexota | E33: Anaerolineae | F33: Caldilineales | G33: Caldilineaceae | H33: Caldilinea | L33: GTDB R220 (GTDB-Tk v2.7.2, classify_wf) | Q33: Unresolved by ANI (GTDB species novel; s__ unassigned) | R33: No close ANI hit and GTDB assigns no species (novel at species level; GTDB-resolved to genus); evaluate exact ANI/AF (skani vs GTDB reps) or AAI/phylogeny. | T33: GTDB-Tk classification_method: taxonomic classification fully defined by topology. GTDB-Tk note: classification based on placement in class-level tree.
A34: CAN_4_bin.11 | B34: Ca_Villigracilis.10 | C34: d__Bacteria;p__Chloroflexota;c__Anaerolineae;o__Anaerolineales;f__Villigracilaceae;g__Villigracilis;s__Villigracilis sp002343775 | D34: Chloroflexota | E34: Anaerolineae | F34: Anaerolineales | G34: Villigracilaceae | H34: Villigracilis | I34: Villigracilis sp002343775 | J34: Villigracilis sp002343775 | K34: GCA_002343775.1 | L34: GTDB R220 (GTDB-Tk v2.7.2, classify_wf) | M34: 98.02 | N34: 0.871 | Q34: Same species cluster | R34: Same species-level cluster as closest reference. | T34: GTDB-Tk classification_method: ani_screen. GTDB-Tk note: classification based on ANI only.
A35: CAN_4_bin.112 | B35: Bacteroidia.1_m | C35: d__Bacteria;p__Bacteroidota;c__Bacteroidia;o__2-12-FULL-35-15;f__2-12-FULL-35-15;g__2-12-FULL-35-15;s__2-12-FULL-35-15 sp016787165 | D35: Bacteroidota | E35: Bacteroidia | F35: 2-12-FULL-35-15 | G35: 2-12-FULL-35-15 | H35: 2-12-FULL-35-15 | I35: 2-12-FULL-35-15 sp016787165 | J35: 2-12-FULL-35-15 sp016787165 | K35: GCA_016787165.1 | L35: GTDB R220 (GTDB-Tk v2.7.2, classify_wf) | M35: 99.33 | N35: 0.879 | Q35: Same species cluster | R35: Same species-level cluster as closest reference. | T35: GTDB-Tk classification_method: ani_screen. GTDB-Tk note: classification based on ANI only.
A36: CAN_4_bin.116 | B36: Ca_Competibacter.49 | C36: d__Bacteria;p__Pseudomonadota;c__Gammaproteobacteria;o__Competibacterales;f__Competibacteraceae;g__Competibacter;s__Competibacter sp014879435 | D36: Pseudomonadota | E36: Gammaproteobacteria | F36: Competibacterales | G36: Competibacteraceae | H36: Competibacter | I36: Competibacter sp014879435 | J36: Competibacter sp014879435 | K36: GCA_014879435.1 | L36: GTDB R220 (GTDB-Tk v2.7.2, classify_wf) | M36: 97.97 | N36: 0.776 | Q36: Same species cluster | R36: Same species-level cluster as closest reference. | T36: GTDB-Tk classification_method: ani_screen. GTDB-Tk note: classification based on ANI only.
A37: CAN_4_bin.142 | B37: Vicingus.1 | C37: d__Bacteria;p__Bacteroidota;c__Bacteroidia;o__Flavobacteriales;f__Vicingaceae;g__Vicingus;s__ | D37: Bacteroidota | E37: Bacteroidia | F37: Flavobacteriales | G37: Vicingaceae | H37: Vicingus | L37: GTDB R220 (GTDB-Tk v2.7.2, classify_wf) | Q37: Unresolved by ANI (GTDB species novel; s__ unassigned) | R37: No close ANI hit and GTDB assigns no species (novel at species level; GTDB-resolved to genus); evaluate exact ANI/AF (skani vs GTDB reps) or AAI/phylogeny. | T37: GTDB-Tk classification_method: taxonomic classification fully defined by topology. GTDB-Tk note: classification based on placement in class-level tree.
A38: CAN_4_bin.152 | B38: Brevundimonas.1_m | C38: d__Bacteria;p__Pseudomonadota;c__Alphaproteobacteria;o__Caulobacterales;f__Caulobacteraceae;g__Brevundimonas;s__Brevundimonas sp963205025 | D38: Pseudomonadota | E38: Alphaproteobacteria | F38: Caulobacterales | G38: Caulobacteraceae | H38: Brevundimonas | I38: Brevundimonas sp963205025 | J38: Brevundimonas sp963205025 | K38: GCA_963205025.1 | L38: GTDB R220 (GTDB-Tk v2.7.2, classify_wf) | M38: 98.33 | N38: 0.885 | Q38: Same species cluster | R38: Same species-level cluster as closest reference. | T38: GTDB-Tk classification_method: ani_screen. GTDB-Tk note: classification based on ANI only.
A39: CAN_4_bin.154 | B39: Aquimonas.4 | C39: d__Bacteria;p__Pseudomonadota;c__Gammaproteobacteria;o__Xanthomonadales;f__Xanthomonadaceae;g__Aquimonas;s__ | D39: Pseudomonadota | E39: Gammaproteobacteria | F39: Xanthomonadales | G39: Xanthomonadaceae | H39: Aquimonas | L39: GTDB R220 (GTDB-Tk v2.7.2, classify_wf) | Q39: Unresolved by ANI (GTDB species novel; s__ unassigned) | R39: No close ANI hit and GTDB assigns no species (novel at species level; GTDB-resolved to genus); evaluate exact ANI/AF (skani vs GTDB reps) or AAI/phylogeny. | T39: GTDB-Tk classification_method: taxonomic classification fully defined by topology. GTDB-Tk note: classification based on placement in class-level tree.
A40: CAN_4_bin.166 | B40: Ignavibacterium.4 | C40: d__Bacteria;p__Bacteroidota;c__Ignavibacteria;o__Ignavibacteriales;f__Ignavibacteriaceae;g__UTCHB3;s__UTCHB3 sp016707285 | D40: Bacteroidota | E40: Ignavibacteria | F40: Ignavibacteriales | G40: Ignavibacteriaceae | H40: UTCHB3 | I40: UTCHB3 sp016707285 | J40: UTCHB3 sp016707285 | K40: GCA_016707285.1 | L40: GTDB R220 (GTDB-Tk v2.7.2, classify_wf) | M40: 98.54 | N40: 0.928 | Q40: Same species cluster | R40: Same species-level cluster as closest reference. | T40: GTDB-Tk classification_method: ani_screen. GTDB-Tk note: classification based on ANI only.
A41: CAN_4_bin.195 | B41: Azonexus.1_m | C41: d__Bacteria;p__Pseudomonadota;c__Gammaproteobacteria;o__Burkholderiales;f__Rhodocyclaceae;g__Azonexus;s__ | D41: Pseudomonadota | E41: Gammaproteobacteria | F41: Burkholderiales | G41: Rhodocyclaceae | H41: Azonexus | L41: GTDB R220 (GTDB-Tk v2.7.2, classify_wf) | Q41: Unresolved by ANI (GTDB species novel; s__ unassigned) | R41: No close ANI hit and GTDB assigns no species (novel at species level; GTDB-resolved to genus); evaluate exact ANI/AF (skani vs GTDB reps) or AAI/phylogeny. | T41: GTDB-Tk classification_method: taxonomic classification fully defined by topology. GTDB-Tk note: classification based on placement in class-level tree.
A42: CAN_4_bin.197 | B42: Ignavibacteria.13 | C42: d__Bacteria;p__Bacteroidota;c__Ignavibacteria;o__SJA-28;f__B-1AR;g__CAIKZJ01;s__ | D42: Bacteroidota | E42: Ignavibacteria | F42: SJA-28 | G42: B-1AR | H42: CAIKZJ01 | L42: GTDB R220 (GTDB-Tk v2.7.2, classify_wf) | Q42: Unresolved by ANI (GTDB species novel; s__ unassigned) | R42: No close ANI hit and GTDB assigns no species (novel at species level; GTDB-resolved to genus); evaluate exact ANI/AF (skani vs GTDB reps) or AAI/phylogeny. | T42: GTDB-Tk classification_method: taxonomic classification fully defined by topology. GTDB-Tk note: classification based on placement in class-level tree.
A43: CAN_4_bin.208 | B43: Azospira.3 | C43: d__Bacteria;p__Pseudomonadota;c__Gammaproteobacteria;o__Burkholderiales;f__Rhodocyclaceae;g__Azospira_A;s__ | D43: Pseudomonadota | E43: Gammaproteobacteria | F43: Burkholderiales | G43: Rhodocyclaceae | H43: Azospira_A | L43: GTDB R220 (GTDB-Tk v2.7.2, classify_wf) | Q43: Unresolved by ANI (GTDB species novel; s__ unassigned) | R43: No close ANI hit and GTDB assigns no species (novel at species level; GTDB-resolved to genus); evaluate exact ANI/AF (skani vs GTDB reps) or AAI/phylogeny. | T43: GTDB-Tk classification_method: taxonomic classification fully defined by topology. GTDB-Tk note: classification based on placement in class-level tree.
A44: CAN_4_bin.220 | B44: Bosea.1 | C44: d__Bacteria;p__Pseudomonadota;c__Alphaproteobacteria;o__Rhizobiales;f__Beijerinckiaceae;g__JAIUNP01;s__ | D44: Pseudomonadota | E44: Alphaproteobacteria | F44: Rhizobiales | G44: Beijerinckiaceae | H44: JAIUNP01 | L44: GTDB R220 (GTDB-Tk v2.7.2, classify_wf) | Q44: Unresolved by ANI (GTDB species novel; s__ unassigned) | R44: No close ANI hit and GTDB assigns no species (novel at species level; GTDB-resolved to genus); evaluate exact ANI/AF (skani vs GTDB reps) or AAI/phylogeny. | T44: GTDB-Tk classification_method: taxonomic classification fully defined by topology. GTDB-Tk note: classification based on placement in class-level tree.
A45: CAN_4_bin.225 | B45: Accumulibacter.1_m | C45: d__Bacteria;p__Pseudomonadota;c__Gammaproteobacteria;o__Burkholderiales;f__Rhodocyclaceae;g__Accumulibacter;s__ | D45: Pseudomonadota | E45: Gammaproteobacteria | F45: Burkholderiales | G45: Rhodocyclaceae | H45: Accumulibacter | L45: GTDB R220 (GTDB-Tk v2.7.2, classify_wf) | Q45: Unresolved by ANI (GTDB species novel; s__ unassigned) | R45: No close ANI hit and GTDB assigns no species (novel at species level; GTDB-resolved to genus); evaluate exact ANI/AF (skani vs GTDB reps) or AAI/phylogeny. | T45: GTDB-Tk classification_method: taxonomic classification fully defined by topology. GTDB-Tk note: classification based on placement in class-level tree.
A46: CAN_4_bin.236 | B46: Thauera.34 | C46: d__Bacteria;p__Pseudomonadota;c__Gammaproteobacteria;o__Burkholderiales;f__Rhodocyclaceae;g__Thauera;s__Thauera sp017997795 | D46: Pseudomonadota | E46: Gammaproteobacteria | F46: Burkholderiales | G46: Rhodocyclaceae | H46: Thauera | I46: Thauera sp017997795 | J46: Thauera sp017997795 | K46: GCA_017997795.1 | L46: GTDB R220 (GTDB-Tk v2.7.2, classify_wf) | M46: 97.93 | N46: 0.759 | Q46: Same species cluster | R46: Same species-level cluster as closest reference. | T46: GTDB-Tk classification_method: ani_screen. GTDB-Tk note: classification based on ANI only.
A47: CAN_4_bin.238 | B47: Phaeodactylibacter.3 | C47: d__Bacteria;p__Bacteroidota;c__Bacteroidia;o__Chitinophagales;f__Saprospiraceae;g__UBA2329;s__UBA2329 sp002344975 | D47: Bacteroidota | E47: Bacteroidia | F47: Chitinophagales | G47: Saprospiraceae | H47: UBA2329 | I47: UBA2329 sp002344975 | J47: UBA2329 sp002344975 | K47: GCA_002344975.1 | L47: GTDB R220 (GTDB-Tk v2.7.2, classify_wf) | M47: 98.07 | N47: 0.834 | Q47: Same species cluster | R47: Same species-level cluster as closest reference. | T47: GTDB-Tk classification_method: ani_screen. GTDB-Tk note: classification based on ANI only.
A48: CAN_4_bin.25 | B48: Ca_Competibacter.26 | C48: d__Bacteria;p__Pseudomonadota;c__Gammaproteobacteria;o__Competibacterales;f__Competibacteraceae;g__Competibacter_A;s__ | D48: Pseudomonadota | E48: Gammaproteobacteria | F48: Competibacterales | G48: Competibacteraceae | H48: Competibacter_A | L48: GTDB R220 (GTDB-Tk v2.7.2, classify_wf) | Q48: Unresolved by ANI (GTDB species novel; s__ unassigned) | R48: No close ANI hit and GTDB assigns no species (novel at species level; GTDB-resolved to genus); evaluate exact ANI/AF (skani vs GTDB reps) or AAI/phylogeny. | T48: GTDB-Tk classification_method: taxonomic classification fully defined by topology. GTDB-Tk note: classification based on placement in class-level tree.
A49: CAN_4_bin.35 | B49: Brevundimonas.7 | C49: d__Bacteria;p__Pseudomonadota;c__Alphaproteobacteria;o__Caulobacterales;f__Caulobacteraceae;g__Brevundimonas;s__ | D49: Pseudomonadota | E49: Alphaproteobacteria | F49: Caulobacterales | G49: Caulobacteraceae | H49: Brevundimonas | L49: GTDB R220 (GTDB-Tk v2.7.2, classify_wf) | Q49: Unresolved by ANI (GTDB species novel; s__ unassigned) | R49: No close ANI hit and GTDB assigns no species (novel at species level; GTDB-resolved to genus); evaluate exact ANI/AF (skani vs GTDB reps) or AAI/phylogeny. | T49: GTDB-Tk classification_method: taxonomic classification fully defined by topology. GTDB-Tk note: classification based on placement in class-level tree.
A50: CAN_4_bin.38 | B50: Salinispiraceae.1_m | C50: d__Bacteria;p__Spirochaetota;c__Spirochaetia;o__DSM-27196;f__Salinispiraceae;g__;s__ | D50: Spirochaetota | E50: Spirochaetia | F50: DSM-27196 | G50: Salinispiraceae | L50: GTDB R220 (GTDB-Tk v2.7.2, classify_wf) | Q50: Unresolved by ANI (GTDB species novel; s__ unassigned) | R50: No close ANI hit and GTDB assigns no species (novel at species level; GTDB-resolved to family); evaluate exact ANI/AF (skani vs GTDB reps) or AAI/phylogeny. | T50: GTDB-Tk classification_method: taxonomic novelty determined using RED. GTDB-Tk note: classification based on placement in class-level tree.
A51: CAN_4_bin.44 | B51: Mesorhizobium.22 | C51: d__Bacteria;p__Pseudomonadota;c__Alphaproteobacteria;o__Rhizobiales;f__Rhizobiaceae;g__DUSC01;s__ | D51: Pseudomonadota | E51: Alphaproteobacteria | F51: Rhizobiales | G51: Rhizobiaceae | H51: DUSC01 | L51: GTDB R220 (GTDB-Tk v2.7.2, classify_wf) | Q51: Unresolved by ANI (GTDB species novel; s__ unassigned) | R51: No close ANI hit and GTDB assigns no species (novel at species level; GTDB-resolved to genus); evaluate exact ANI/AF (skani vs GTDB reps) or AAI/phylogeny. | T51: GTDB-Tk classification_method: taxonomic classification fully defined by topology. GTDB-Tk note: classification based on placement in class-level tree.
A52: CAN_4_bin.62 | B52: Anaerolineaceae.1_m | C52: d__Bacteria;p__Chloroflexota;c__Anaerolineae;o__Anaerolineales;f__Anaerolineaceae;g__JARKPB01;s__ | D52: Chloroflexota | E52: Anaerolineae | F52: Anaerolineales | G52: Anaerolineaceae | H52: JARKPB01 | L52: GTDB R220 (GTDB-Tk v2.7.2, classify_wf) | Q52: Unresolved by ANI (GTDB species novel; s__ unassigned) | R52: No close ANI hit and GTDB assigns no species (novel at species level; GTDB-resolved to genus); evaluate exact ANI/AF (skani vs GTDB reps) or AAI/phylogeny. | T52: GTDB-Tk classification_method: taxonomic novelty determined using RED. GTDB-Tk note: classification based on placement in class-level tree.
A53: CAN_4_bin.64 | B53: Accumulibacter.2_m | C53: d__Bacteria;p__Pseudomonadota;c__Gammaproteobacteria;o__Burkholderiales;f__Rhodocyclaceae;g__Accumulibacter;s__Accumulibacter sp003538495 | D53: Pseudomonadota | E53: Gammaproteobacteria | F53: Burkholderiales | G53: Rhodocyclaceae | H53: Accumulibacter | I53: Accumulibacter sp003538495 | J53: Accumulibacter sp003538495 | K53: GCF_029255145.1 | L53: GTDB R220 (GTDB-Tk v2.7.2, classify_wf) | M53: 96.24 | N53: 0.781 | Q53: Same species cluster | R53: Same species-level cluster as closest reference. | T53: GTDB-Tk classification_method: ani_screen. GTDB-Tk note: classification based on ANI only.
A54: CAN_4_bin.70 | B54: Phototrophicaceae.2_m | C54: d__Bacteria;p__Chloroflexota;c__Anaerolineae;o__Aggregatilineales;f__Phototrophicaceae;g__JAIOHN01;s__ | D54: Chloroflexota | E54: Anaerolineae | F54: Aggregatilineales | G54: Phototrophicaceae | H54: JAIOHN01 | L54: GTDB R220 (GTDB-Tk v2.7.2, classify_wf) | Q54: Unresolved by ANI (GTDB species novel; s__ unassigned) | R54: No close ANI hit and GTDB assigns no species (novel at species level; GTDB-resolved to genus); evaluate exact ANI/AF (skani vs GTDB reps) or AAI/phylogeny. | T54: GTDB-Tk classification_method: taxonomic novelty determined using RED. GTDB-Tk note: classification based on placement in class-level tree.
A55: CAN_4_bin.72 | B55: Competibacter_A.1_m | C55: d__Bacteria;p__Pseudomonadota;c__Gammaproteobacteria;o__Competibacterales;f__Competibacteraceae;g__Competibacter_A;s__ | D55: Pseudomonadota | E55: Gammaproteobacteria | F55: Competibacterales | G55: Competibacteraceae | H55: Competibacter_A | L55: GTDB R220 (GTDB-Tk v2.7.2, classify_wf) | Q55: Unresolved by ANI (GTDB species novel; s__ unassigned) | R55: No close ANI hit and GTDB assigns no species (novel at species level; GTDB-resolved to genus); evaluate exact ANI/AF (skani vs GTDB reps) or AAI/phylogeny. | T55: GTDB-Tk classification_method: taxonomic classification fully defined by topology. GTDB-Tk note: classification based on placement in class-level tree.
A56: CAN_4_bin.76 | B56: Dojkabacteria.1_m | C56: d__Bacteria;p__Patescibacteria;c__Dojkabacteria;o__J137;f__J137;g__Brojett037;s__ | D56: Patescibacteria | E56: Dojkabacteria | F56: J137 | G56: J137 | H56: Brojett037 | L56: GTDB R220 (GTDB-Tk v2.7.2, classify_wf) | Q56: Unresolved by ANI (GTDB species novel; s__ unassigned) | R56: No close ANI hit and GTDB assigns no species (novel at species level; GTDB-resolved to genus); evaluate exact ANI/AF (skani vs GTDB reps) or AAI/phylogeny. | T56: GTDB-Tk classification_method: taxonomic classification fully defined by topology. GTDB-Tk note: classification based on placement in class-level tree.
A57: CAN_4_bin.92 | B57: Ca_Flexifilum.1 | C57: d__Bacteria;p__Chloroflexota;c__Anaerolineae;o__Aggregatilineales;f__Phototrophicaceae;g__Flexifilum;s__ | D57: Chloroflexota | E57: Anaerolineae | F57: Aggregatilineales | G57: Phototrophicaceae | H57: Flexifilum | L57: GTDB R220 (GTDB-Tk v2.7.2, classify_wf) | Q57: Unresolved by ANI (GTDB species novel; s__ unassigned) | R57: No close ANI hit and GTDB assigns no species (novel at species level; GTDB-resolved to genus); evaluate exact ANI/AF (skani vs GTDB reps) or AAI/phylogeny. | T57: GTDB-Tk classification_method: taxonomic classification fully defined by topology. GTDB-Tk note: classification based on placement in class-level tree.
A58: CAN_5_bin.1 | B58: Rhabdaerophilum.1_m | C58: d__Bacteria;p__Pseudomonadota;c__Alphaproteobacteria;o__Rhizobiales;f__Beijerinckiaceae;g__Rhabdaerophilum;s__ | D58: Pseudomonadota | E58: Alphaproteobacteria | F58: Rhizobiales | G58: Beijerinckiaceae | H58: Rhabdaerophilum | L58: GTDB R220 (GTDB-Tk v2.7.2, classify_wf) | Q58: Unresolved by ANI (GTDB species novel; s__ unassigned) | R58: No close ANI hit and GTDB assigns no species (novel at species level; GTDB-resolved to genus); evaluate exact ANI/AF (skani vs GTDB reps) or AAI/phylogeny. | T58: GTDB-Tk classification_method: taxonomic classification fully defined by topology. GTDB-Tk note: classification based on placement in class-level tree.
A59: CAN_5_bin.100 | B59: Ignavibacteriaceae.1_m | C59: d__Bacteria;p__Bacteroidota;c__Ignavibacteria;o__Ignavibacteriales;f__Ignavibacteriaceae;g__JAEXTR01;s__ | D59: Bacteroidota | E59: Ignavibacteria | F59: Ignavibacteriales | G59: Ignavibacteriaceae | H59: JAEXTR01 | L59: GTDB R220 (GTDB-Tk v2.7.2, classify_wf) | Q59: Unresolved by ANI (GTDB species novel; s__ unassigned) | R59: No close ANI hit and GTDB assigns no species (novel at species level; GTDB-resolved to genus); evaluate exact ANI/AF (skani vs GTDB reps) or AAI/phylogeny. | T59: GTDB-Tk classification_method: taxonomic novelty determined using RED. GTDB-Tk note: classification based on placement in class-level tree.
A60: CAN_5_bin.106 | B60: Ca_Competibacter.139 | C60: d__Bacteria;p__Pseudomonadota;c__Gammaproteobacteria;o__Competibacterales;f__Competibacteraceae;g__Competibacter;s__Competibacter phosphatis | D60: Pseudomonadota | E60: Gammaproteobacteria | F60: Competibacterales | G60: Competibacteraceae | H60: Competibacter | I60: Competibacter phosphatis | J60: Competibacter phosphatis | K60: GCF_012939995.1 | L60: GTDB R220 (GTDB-Tk v2.7.2, classify_wf) | M60: 97.2 | N60: 0.863 | Q60: Same species cluster | R60: Same species-level cluster as closest reference. | T60: GTDB-Tk classification_method: ani_screen. GTDB-Tk note: classification based on ANI only.
A61: CAN_5_bin.112 | B61: Terrimonas.22 | C61: d__Bacteria;p__Bacteroidota;c__Bacteroidia;o__Chitinophagales;f__Chitinophagaceae;g__JJ008;s__ | D61: Bacteroidota | E61: Bacteroidia | F61: Chitinophagales | G61: Chitinophagaceae | H61: JJ008 | L61: GTDB R220 (GTDB-Tk v2.7.2, classify_wf) | Q61: Unresolved by ANI (GTDB species novel; s__ unassigned) | R61: No close ANI hit and GTDB assigns no species (novel at species level; GTDB-resolved to genus); evaluate exact ANI/AF (skani vs GTDB reps) or AAI/phylogeny. | T61: GTDB-Tk classification_method: taxonomic classification fully defined by topology. GTDB-Tk note: classification based on placement in class-level tree.
A62: CAN_5_bin.145 | B62: Bacteroidia.19 | C62: d__Bacteria;p__Bacteroidota;c__Bacteroidia;o__J057;f__J057;g__JAAFHL01;s__ | D62: Bacteroidota | E62: Bacteroidia | F62: J057 | G62: J057 | H62: JAAFHL01 | L62: GTDB R220 (GTDB-Tk v2.7.2, classify_wf) | Q62: Unresolved by ANI (GTDB species novel; s__ unassigned) | R62: No close ANI hit and GTDB assigns no species (novel at species level; GTDB-resolved to genus); evaluate exact ANI/AF (skani vs GTDB reps) or AAI/phylogeny. | T62: GTDB-Tk classification_method: taxonomic classification fully defined by topology. GTDB-Tk note: classification based on placement in class-level tree.
A63: CAN_5_bin.146 | B63: Altimarinus.1_m | C63: d__Bacteria;p__Patescibacteria;c__JAEDAM01;o__BD1-5;f__UBA6164;g__Altimarinus;s__ | D63: Patescibacteria | E63: JAEDAM01 | F63: BD1-5 | G63: UBA6164 | H63: Altimarinus | L63: GTDB R220 (GTDB-Tk v2.7.2, classify_wf) | Q63: Unresolved by ANI (GTDB species novel; s__ unassigned) | R63: No close ANI hit and GTDB assigns no species (novel at species level; GTDB-resolved to genus); evaluate exact ANI/AF (skani vs GTDB reps) or AAI/phylogeny. | T63: GTDB-Tk classification_method: taxonomic classification fully defined by topology. GTDB-Tk note: classification based on placement in class-level tree.
A64: CAN_5_bin.147 | B64: Terrimonas.3 | C64: d__Bacteria;p__Bacteroidota;c__Bacteroidia;o__Chitinophagales;f__Chitinophagaceae;g__SpSt-398;s__SpSt-398 sp017303415 | D64: Bacteroidota | E64: Bacteroidia | F64: Chitinophagales | G64: Chitinophagaceae | H64: SpSt-398 | I64: SpSt-398 sp017303415 | J64: SpSt-398 sp017303415 | K64: GCA_017303415.1 | L64: GTDB R220 (GTDB-Tk v2.7.2, classify_wf) | M64: 98.47 | N64: 0.913 | Q64: Same species cluster | R64: Same species-level cluster as closest reference. | T64: GTDB-Tk classification_method: ani_screen. GTDB-Tk note: classification based on ANI only.
A65: CAN_5_bin.149 | B65: Flavipsychrobacter.1_m | C65: d__Bacteria;p__Bacteroidota;c__Bacteroidia;o__Chitinophagales;f__Chitinophagaceae;g__Flavipsychrobacter;s__ | D65: Bacteroidota | E65: Bacteroidia | F65: Chitinophagales | G65: Chitinophagaceae | H65: Flavipsychrobacter | L65: GTDB R220 (GTDB-Tk v2.7.2, classify_wf) | Q65: Unresolved by ANI (GTDB species novel; s__ unassigned) | R65: No close ANI hit and GTDB assigns no species (novel at species level; GTDB-resolved to genus); evaluate exact ANI/AF (skani vs GTDB reps) or AAI/phylogeny. | T65: GTDB-Tk classification_method: taxonomic classification fully defined by topology. GTDB-Tk note: classification based on placement in class-level tree.
A66: CAN_5_bin.150 | B66: Paceibacteria.2_m | C66: d__Bacteria;p__Patescibacteria;c__Paceibacteria;o__UBA6257;f__2-01-FULL-56-20;g__JAHFLJ01;s__ | D66: Patescibacteria | E66: Paceibacteria | F66: UBA6257 | G66: 2-01-FULL-56-20 | H66: JAHFLJ01 | L66: GTDB R220 (GTDB-Tk v2.7.2, classify_wf) | Q66: Unresolved by ANI (GTDB species novel; s__ unassigned) | R66: No close ANI hit and GTDB assigns no species (novel at species level; GTDB-resolved to genus); evaluate exact ANI/AF (skani vs GTDB reps) or AAI/phylogeny. | T66: GTDB-Tk classification_method: taxonomic novelty determined using RED. GTDB-Tk note: classification based on placement in class-level tree.
A67: CAN_5_bin.167 | B67: Ignavibacteria.21 | C67: d__Bacteria;p__Bacteroidota;c__Ignavibacteria;o__SJA-28;f__OLB5;g__OLB5;s__ | D67: Bacteroidota | E67: Ignavibacteria | F67: SJA-28 | G67: OLB5 | H67: OLB5 | L67: GTDB R220 (GTDB-Tk v2.7.2, classify_wf) | Q67: Unresolved by ANI (GTDB species novel; s__ unassigned) | R67: No close ANI hit and GTDB assigns no species (novel at species level; GTDB-resolved to genus); evaluate exact ANI/AF (skani vs GTDB reps) or AAI/phylogeny. | T67: GTDB-Tk classification_method: taxonomic classification fully defined by topology. GTDB-Tk note: classification based on placement in class-level tree.
A68: CAN_5_bin.169 | B68: Spirochaetota.1_m | C68: d__Bacteria;p__Spirochaetota;c__GWE2-31-10;o__GWE2-31-10;f__GWE2-31-10;g__;s__ | D68: Spirochaetota | E68: GWE2-31-10 | F68: GWE2-31-10 | G68: GWE2-31-10 | L68: GTDB R220 (GTDB-Tk v2.7.2, classify_wf) | Q68: Unresolved by ANI (GTDB species novel; s__ unassigned) | R68: No close ANI hit and GTDB assigns no species (novel at species level; GTDB-resolved to family); evaluate exact ANI/AF (skani vs GTDB reps) or AAI/phylogeny. | T68: GTDB-Tk classification_method: taxonomic novelty determined using RED. GTDB-Tk note: classification based on placement in class-level tree.
A69: CAN_5_bin.173 | B69: Bacteroidia.11 | C69: d__Bacteria;p__Bacteroidota;c__Bacteroidia;o__CAIKAF01;f__CAIKAF01;g__JAKRSD01;s__ | D69: Bacteroidota | E69: Bacteroidia | F69: CAIKAF01 | G69: CAIKAF01 | H69: JAKRSD01 | L69: GTDB R220 (GTDB-Tk v2.7.2, classify_wf) | Q69: Unresolved by ANI (GTDB species novel; s__ unassigned) | R69: No close ANI hit and GTDB assigns no species (novel at species level; GTDB-resolved to genus); evaluate exact ANI/AF (skani vs GTDB reps) or AAI/phylogeny. | T69: GTDB-Tk classification_method: taxonomic novelty determined using RED. GTDB-Tk note: classification based on placement in class-level tree.
A70: CAN_5_bin.177 | B70: Lysobacter.2 | C70: d__Bacteria;p__Pseudomonadota;c__Gammaproteobacteria;o__Xanthomonadales;f__Xanthomonadaceae;g__SCMT01;s__SCMT01 sp019510125 | D70: Pseudomonadota | E70: Gammaproteobacteria | F70: Xanthomonadales | G70: Xanthomonadaceae | H70: SCMT01 | I70: SCMT01 sp019510125 | J70: SCMT01 sp019510125 | K70: GCA_019510125.1 | L70: GTDB R220 (GTDB-Tk v2.7.2, classify_wf) | M70: 98.62 | N70: 0.924 | Q70: Same species cluster | R70: Same species-level cluster as closest reference. | T70: GTDB-Tk classification_method: ani_screen. GTDB-Tk note: classification based on ANI only.
A71: CAN_5_bin.180 | B71: Anaerolineaceae.24 | C71: d__Bacteria;p__Chloroflexota;c__Anaerolineae;o__Anaerolineales;f__Anaerolineaceae;g__UBA6170;s__ | D71: Chloroflexota | E71: Anaerolineae | F71: Anaerolineales | G71: Anaerolineaceae | H71: UBA6170 | L71: GTDB R220 (GTDB-Tk v2.7.2, classify_wf) | Q71: Unresolved by ANI (GTDB species novel; s__ unassigned) | R71: No close ANI hit and GTDB assigns no species (novel at species level; GTDB-resolved to genus); evaluate exact ANI/AF (skani vs GTDB reps) or AAI/phylogeny. | T71: GTDB-Tk classification_method: taxonomic classification fully defined by topology. GTDB-Tk note: classification based on placement in class-level tree.
A72: CAN_5_bin.2 | B72: Rhodospirillales.3 | C72: d__Bacteria;p__Pseudomonadota;c__Alphaproteobacteria;o__UBA2400;f__UBA2400;g__;s__ | D72: Pseudomonadota | E72: Alphaproteobacteria | F72: UBA2400 | G72: UBA2400 | L72: GTDB R220 (GTDB-Tk v2.7.2, classify_wf) | Q72: Unresolved by ANI (GTDB species novel; s__ unassigned) | R72: No close ANI hit and GTDB assigns no species (novel at species level; GTDB-resolved to family); evaluate exact ANI/AF (skani vs GTDB reps) or AAI/phylogeny. | T72: GTDB-Tk classification_method: taxonomic novelty determined using RED. GTDB-Tk note: classification based on placement in class-level tree.
A73: CAN_5_bin.40 | B73: Giesbergeria.1_m | C73: d__Bacteria;p__Pseudomonadota;c__Gammaproteobacteria;o__Burkholderiales;f__Burkholderiaceae;g__Giesbergeria;s__Giesbergeria sp026647025 | D73: Pseudomonadota | E73: Gammaproteobacteria | F73: Burkholderiales | G73: Burkholderiaceae | H73: Giesbergeria | I73: Giesbergeria sp026647025 | J73: Giesbergeria sp026647025 | K73: GCA_026647025.1 | L73: GTDB R220 (GTDB-Tk v2.7.2, classify_wf) | M73: 97.6 | N73: 0.825 | Q73: Same species cluster | R73: Same species-level cluster as closest reference. | T73: GTDB-Tk classification_method: ani_screen. GTDB-Tk note: classification based on ANI only.
A74: CAN_5_bin.52 | B74: Beijerinckiaceae.1_m | C74: d__Bacteria;p__Pseudomonadota;c__Alphaproteobacteria;o__Rhizobiales;f__Beijerinckiaceae;g__;s__ | D74: Pseudomonadota | E74: Alphaproteobacteria | F74: Rhizobiales | G74: Beijerinckiaceae | L74: GTDB R220 (GTDB-Tk v2.7.2, classify_wf) | Q74: Unresolved by ANI (GTDB species novel; s__ unassigned) | R74: No close ANI hit and GTDB assigns no species (novel at species level; GTDB-resolved to family); evaluate exact ANI/AF (skani vs GTDB reps) or AAI/phylogeny. | T74: GTDB-Tk classification_method: taxonomic novelty determined using RED. GTDB-Tk note: classification based on placement in class-level tree.
A75: CAN_5_bin.62 | B75: Ca_Caldilinea.2 | C75: d__Bacteria;p__Chloroflexota;c__Anaerolineae;o__Caldilineales;f__Caldilineaceae;g__Caldilinea;s__Caldilinea sp014879855 | D75: Chloroflexota | E75: Anaerolineae | F75: Caldilineales | G75: Caldilineaceae | H75: Caldilinea | I75: Caldilinea sp014879855 | J75: Caldilinea sp014879855 | K75: GCA_014879855.1 | L75: GTDB R220 (GTDB-Tk v2.7.2, classify_wf) | M75: 99.63 | N75: 0.897 | Q75: Same species cluster | R75: Same species-level cluster as closest reference. | T75: GTDB-Tk classification_method: ani_screen. GTDB-Tk note: classification based on ANI only.
A76: CAN_5_bin.70 | B76: Azonexus.12 | C76: d__Bacteria;p__Pseudomonadota;c__Gammaproteobacteria;o__Burkholderiales;f__Rhodocyclaceae;g__Azonexus;s__Azonexus sp017302355 | D76: Pseudomonadota | E76: Gammaproteobacteria | F76: Burkholderiales | G76: Rhodocyclaceae | H76: Azonexus | I76: Azonexus sp017302355 | J76: Azonexus sp017302355 | K76: GCA_017302355.1 | L76: GTDB R220 (GTDB-Tk v2.7.2, classify_wf) | M76: 98.67 | N76: 0.754 | Q76: Same species cluster | R76: Same species-level cluster as closest reference. | T76: GTDB-Tk classification_method: ani_screen. GTDB-Tk note: classification based on ANI only.
A77: CAN_5_bin.9 | B77: Villigracilaceae.1_m | C77: d__Bacteria;p__Chloroflexota;c__Anaerolineae;o__Anaerolineales;f__Villigracilaceae;g__UBA5195;s__ | D77: Chloroflexota | E77: Anaerolineae | F77: Anaerolineales | G77: Villigracilaceae | H77: UBA5195 | L77: GTDB R220 (GTDB-Tk v2.7.2, classify_wf) | Q77: Unresolved by ANI (GTDB species novel; s__ unassigned) | R77: No close ANI hit and GTDB assigns no species (novel at species level; GTDB-resolved to genus); evaluate exact ANI/AF (skani vs GTDB reps) or AAI/phylogeny. | T77: GTDB-Tk classification_method: taxonomic classification fully defined by topology. GTDB-Tk note: classification based on placement in class-level tree.
A78: CAN_5_bin.90 | B78: Gracilibacteria.25 | C78: d__Bacteria;p__Patescibacteria;c__JAEDAM01;o__BD1-5;f__UBA2023;g__UBA5532;s__UBA5532 sp002426885 | D78: Patescibacteria | E78: JAEDAM01 | F78: BD1-5 | G78: UBA2023 | H78: UBA5532 | I78: UBA5532 sp002426885 | J78: UBA5532 sp002426885 | K78: GCA_002426885.1 | L78: GTDB R220 (GTDB-Tk v2.7.2, classify_wf) | M78: 98.84 | N78: 0.919 | Q78: Same species cluster | R78: Same species-level cluster as closest reference. | T78: Distinct genome within GTDB species s__UBA5532 sp002426885; co-member(s): CAN_1_bin.174. Separate dRep 95% representatives (same GTDB species != same dRep cluster); not a dereplication error. GTDB-Tk classification_method: ani_screen. GTDB-Tk note: classification based on ANI only.
A79: CAN_5_bin.97 | B79: Azospira.1 | C79: d__Bacteria;p__Pseudomonadota;c__Gammaproteobacteria;o__Burkholderiales;f__Rhodocyclaceae;g__UBA1934;s__ | D79: Pseudomonadota | E79: Gammaproteobacteria | F79: Burkholderiales | G79: Rhodocyclaceae | H79: UBA1934 | L79: GTDB R220 (GTDB-Tk v2.7.2, classify_wf) | Q79: Unresolved by ANI (GTDB species novel; s__ unassigned) | R79: No close ANI hit and GTDB assigns no species (novel at species level; GTDB-resolved to genus); evaluate exact ANI/AF (skani vs GTDB reps) or AAI/phylogeny. | T79: GTDB-Tk classification_method: taxonomic classification fully defined by topology. GTDB-Tk note: classification based on placement in class-level tree.
A80: coasm_bin.10 | B80: Leptovillus.1_m | C80: d__Bacteria;p__Chloroflexota;c__Anaerolineae;o__Promineifilales;f__Promineifilaceae;g__Leptovillus;s__ | D80: Chloroflexota | E80: Anaerolineae | F80: Promineifilales | G80: Promineifilaceae | H80: Leptovillus | L80: GTDB R220 (GTDB-Tk v2.7.2, classify_wf) | Q80: Unresolved by ANI (GTDB species novel; s__ unassigned) | R80: No close ANI hit and GTDB assigns no species (novel at species level; GTDB-resolved to genus); evaluate exact ANI/AF (skani vs GTDB reps) or AAI/phylogeny. | T80: GTDB-Tk classification_method: taxonomic novelty determined using RED. GTDB-Tk note: classification based on placement in class-level tree.
A81: coasm_bin.103 | B81: Phototrophicaceae.3_m | C81: d__Bacteria;p__Chloroflexota;c__Anaerolineae;o__Aggregatilineales;f__Phototrophicaceae;g__JALHNB01;s__ | D81: Chloroflexota | E81: Anaerolineae | F81: Aggregatilineales | G81: Phototrophicaceae | H81: JALHNB01 | L81: GTDB R220 (GTDB-Tk v2.7.2, classify_wf) | Q81: Unresolved by ANI (GTDB species novel; s__ unassigned) | R81: No close ANI hit and GTDB assigns no species (novel at species level; GTDB-resolved to genus); evaluate exact ANI/AF (skani vs GTDB reps) or AAI/phylogeny. | T81: GTDB-Tk classification_method: taxonomic novelty determined using RED. GTDB-Tk note: classification based on placement in class-level tree.
A82: coasm_bin.105 | B82: Rhodobacter.5 | C82: d__Bacteria;p__Pseudomonadota;c__Alphaproteobacteria;o__Rhodobacterales;f__Rhodobacteraceae;g__JAAKGP01;s__ | D82: Pseudomonadota | E82: Alphaproteobacteria | F82: Rhodobacterales | G82: Rhodobacteraceae | H82: JAAKGP01 | L82: GTDB R220 (GTDB-Tk v2.7.2, classify_wf) | Q82: Unresolved by ANI (GTDB species novel; s__ unassigned) | R82: No close ANI hit and GTDB assigns no species (novel at species level; GTDB-resolved to genus); evaluate exact ANI/AF (skani vs GTDB reps) or AAI/phylogeny. | T82: GTDB-Tk classification_method: taxonomic classification fully defined by topology. GTDB-Tk note: classification based on placement in class-level tree.
A83: coasm_bin.108 | B83: Tabrizicola.1_m | C83: d__Bacteria;p__Pseudomonadota;c__Alphaproteobacteria;o__Rhodobacterales;f__Rhodobacteraceae;g__Tabrizicola;s__ | D83: Pseudomonadota | E83: Alphaproteobacteria | F83: Rhodobacterales | G83: Rhodobacteraceae | H83: Tabrizicola | L83: GTDB R220 (GTDB-Tk v2.7.2, classify_wf) | Q83: Unresolved by ANI (GTDB species novel; s__ unassigned) | R83: No close ANI hit and GTDB assigns no species (novel at species level; GTDB-resolved to genus); evaluate exact ANI/AF (skani vs GTDB reps) or AAI/phylogeny. | T83: GTDB-Tk classification_method: taxonomic classification fully defined by topology. GTDB-Tk note: classification based on placement in class-level tree.
A84: coasm_bin.110 | B84: Leptonema.1 | C84: d__Bacteria;p__Spirochaetota;c__Leptospirae;o__Leptospirales;f__Leptonemataceae;g__Leptonema;s__Leptonema illini | D84: Spirochaetota | E84: Leptospirae | F84: Leptospirales | G84: Leptonemataceae | H84: Leptonema | I84: Leptonema illini | J84: Leptonema illini | K84: GCF_000243335.1 | L84: GTDB R220 (GTDB-Tk v2.7.2, classify_wf) | M84: 97.08 | N84: 0.87 | Q84: Same species cluster | R84: Same species-level cluster as closest reference. | T84: GTDB-Tk classification_method: ani_screen. GTDB-Tk note: classification based on ANI only.
A85: coasm_bin.112 | B85: Microgenomatia.1_m | C85: d__Bacteria;p__Patescibacteria;c__Microgenomatia;o__UBA10105;f__UBA927;g__UBA927;s__ | D85: Patescibacteria | E85: Microgenomatia | F85: UBA10105 | G85: UBA927 | H85: UBA927 | L85: GTDB R220 (GTDB-Tk v2.7.2, classify_wf) | Q85: Unresolved by ANI (GTDB species novel; s__ unassigned) | R85: No close ANI hit and GTDB assigns no species (novel at species level; GTDB-resolved to genus); evaluate exact ANI/AF (skani vs GTDB reps) or AAI/phylogeny. | T85: GTDB-Tk classification_method: taxonomic classification fully defined by topology. GTDB-Tk note: classification based on placement in class-level tree.
A86: coasm_bin.114 | B86: Sphingobacteriales.16 | C86: d__Bacteria;p__Bacteroidota;c__Bacteroidia;o__B-17B0;f__B-17BO;g__UBA2475;s__ | D86: Bacteroidota | E86: Bacteroidia | F86: B-17B0 | G86: B-17BO | H86: UBA2475 | L86: GTDB R220 (GTDB-Tk v2.7.2, classify_wf) | Q86: Unresolved by ANI (GTDB species novel; s__ unassigned) | R86: No close ANI hit and GTDB assigns no species (novel at species level; GTDB-resolved to genus); evaluate exact ANI/AF (skani vs GTDB reps) or AAI/phylogeny. | T86: GTDB-Tk classification_method: taxonomic classification fully defined by topology. GTDB-Tk note: classification based on placement in class-level tree.
A87: coasm_bin.115 | B87: Phototrophicaceae.4_m | C87: d__Bacteria;p__Chloroflexota;c__Anaerolineae;o__Aggregatilineales;f__Phototrophicaceae;g__GCA-2794515;s__GCA-2794515 sp025454675 | D87: Chloroflexota | E87: Anaerolineae | F87: Aggregatilineales | G87: Phototrophicaceae | H87: GCA-2794515 | I87: GCA-2794515 sp025454675 | J87: GCA-2794515 sp025454675 | K87: GCA_025454675.1 | L87: GTDB R220 (GTDB-Tk v2.7.2, classify_wf) | M87: 98.04 | N87: 0.577 | Q87: Same species (AF<0.60, lower confidence) | R87: ANI >=95% to closest reference but AF <0.60 (limited alignment); same-species assignment supported by ANI but lower-confidence. | T87: GTDB-Tk classification_method: ani_screen. GTDB-Tk note: classification based on ANI only.
A88: coasm_bin.117 | B88: Chitinophagaceae.1_m | C88: d__Bacteria;p__Bacteroidota;c__Bacteroidia;o__Chitinophagales;f__Chitinophagaceae;g__JAFLBI01;s__JAFLBI01 sp017303835 | D88: Bacteroidota | E88: Bacteroidia | F88: Chitinophagales | G88: Chitinophagaceae | H88: JAFLBI01 | I88: JAFLBI01 sp017303835 | J88: JAFLBI01 sp017303835 | K88: GCA_017303835.1 | L88: GTDB R220 (GTDB-Tk v2.7.2, classify_wf) | M88: 97.31 | N88: 0.943 | Q88: Same species cluster | R88: Same species-level cluster as closest reference. | T88: GTDB-Tk classification_method: ani_screen. GTDB-Tk note: classification based on ANI only.
A89: coasm_bin.118 | B89: Beijerinckiaceae.2_m | C89: d__Bacteria;p__Pseudomonadota;c__Alphaproteobacteria;o__Rhizobiales;f__Beijerinckiaceae;g__GCA-013693735;s__ | D89: Pseudomonadota | E89: Alphaproteobacteria | F89: Rhizobiales | G89: Beijerinckiaceae | H89: GCA-013693735 | L89: GTDB R220 (GTDB-Tk v2.7.2, classify_wf) | Q89: Unresolved by ANI (GTDB species novel; s__ unassigned) | R89: No close ANI hit and GTDB assigns no species (novel at species level; GTDB-resolved to genus); evaluate exact ANI/AF (skani vs GTDB reps) or AAI/phylogeny. | T89: GTDB-Tk classification_method: taxonomic classification fully defined by topology. GTDB-Tk note: classification based on placement in class-level tree.
A90: coasm_bin.121 | B90: Sphingobacteriales.13 | C90: d__Bacteria;p__Bacteroidota;c__Bacteroidia;o__B-17B0;f__B-17BO;g__UBA2475;s__UBA2475 sp020162035 | D90: Bacteroidota | E90: Bacteroidia | F90: B-17B0 | G90: B-17BO | H90: UBA2475 | I90: UBA2475 sp020162035 | J90: UBA2475 sp020162035 | K90: GCA_020162035.1 | L90: GTDB R220 (GTDB-Tk v2.7.2, classify_wf) | M90: 99.32 | N90: 0.886 | Q90: Same species cluster | R90: Same species-level cluster as closest reference. | T90: GTDB-Tk classification_method: ani_screen. GTDB-Tk note: classification based on ANI only.
A91: coasm_bin.125 | B91: Flavobacterium.1_m | C91: d__Bacteria;p__Bacteroidota;c__Bacteroidia;o__Flavobacteriales;f__Flavobacteriaceae;g__Flavobacterium;s__ | D91: Bacteroidota | E91: Bacteroidia | F91: Flavobacteriales | G91: Flavobacteriaceae | H91: Flavobacterium | L91: GTDB R220 (GTDB-Tk v2.7.2, classify_wf) | Q91: Unresolved by ANI (GTDB species novel; s__ unassigned) | R91: No close ANI hit and GTDB assigns no species (novel at species level; GTDB-resolved to genus); evaluate exact ANI/AF (skani vs GTDB reps) or AAI/phylogeny. | T91: GTDB-Tk classification_method: taxonomic classification fully defined by topology. GTDB-Tk note: classification based on placement in class-level tree.
A92: coasm_bin.13 | B92: Bryobacter.14 | C92: d__Bacteria;p__Acidobacteriota;c__Terriglobia;o__Bryobacterales;f__Bryobacteraceae;g__JACTMJ01;s__ | D92: Acidobacteriota | E92: Terriglobia | F92: Bryobacterales | G92: Bryobacteraceae | H92: JACTMJ01 | L92: GTDB R220 (GTDB-Tk v2.7.2, classify_wf) | Q92: Unresolved by ANI (GTDB species novel; s__ unassigned) | R92: No close ANI hit and GTDB assigns no species (novel at species level; GTDB-resolved to genus); evaluate exact ANI/AF (skani vs GTDB reps) or AAI/phylogeny. | T92: GTDB-Tk classification_method: taxonomic classification fully defined by topology. GTDB-Tk note: classification based on placement in class-level tree.
A93: coasm_bin.131 | B93: Azoarcus.1 | C93: d__Bacteria;p__Pseudomonadota;c__Gammaproteobacteria;o__Burkholderiales;f__Rhodocyclaceae;g__Azoarcus_F;s__Azoarcus_F taiwanensis | D93: Pseudomonadota | E93: Gammaproteobacteria | F93: Burkholderiales | G93: Rhodocyclaceae | H93: Azoarcus_F | I93: Azoarcus_F taiwanensis | J93: Azoarcus_F taiwanensis | K93: GCF_012910885.1 | L93: GTDB R220 (GTDB-Tk v2.7.2, classify_wf) | M93: 98.51 | N93: 0.859 | Q93: Same species cluster | R93: Same species-level cluster as closest reference. | T93: GTDB-Tk classification_method: ani_screen. GTDB-Tk note: classification based on ANI only.
A94: coasm_bin.132 | B94: Cyclobacteriaceae.1_m | C94: d__Bacteria;p__Bacteroidota;c__Bacteroidia;o__Cytophagales;f__Cyclobacteriaceae;g__ELB16-189;s__ELB16-189 sp017303805 | D94: Bacteroidota | E94: Bacteroidia | F94: Cytophagales | G94: Cyclobacteriaceae | H94: ELB16-189 | I94: ELB16-189 sp017303805 | J94: ELB16-189 sp017303805 | K94: GCA_017303805.1 | L94: GTDB R220 (GTDB-Tk v2.7.2, classify_wf) | M94: 99.73 | N94: 0.956 | Q94: Same species cluster | R94: Same species-level cluster as closest reference. | T94: GTDB-Tk classification_method: ani_screen. GTDB-Tk note: classification based on ANI only.
A95: coasm_bin.133 | B95: Kaistella.1_m | C95: d__Bacteria;p__Bacteroidota;c__Bacteroidia;o__Flavobacteriales;f__Weeksellaceae;g__Kaistella;s__ | D95: Bacteroidota | E95: Bacteroidia | F95: Flavobacteriales | G95: Weeksellaceae | H95: Kaistella | L95: GTDB R220 (GTDB-Tk v2.7.2, classify_wf) | Q95: Unresolved by ANI (GTDB species novel; s__ unassigned) | R95: No close ANI hit and GTDB assigns no species (novel at species level; GTDB-resolved to genus); evaluate exact ANI/AF (skani vs GTDB reps) or AAI/phylogeny. | T95: GTDB-Tk classification_method: taxonomic classification fully defined by topology. GTDB-Tk note: classification based on placement in class-level tree.
A96: coasm_bin.134 | B96: Lysobacter_B.1_m | C96: d__Bacteria;p__Pseudomonadota;c__Gammaproteobacteria;o__Xanthomonadales;f__Xanthomonadaceae;g__Lysobacter_B;s__Lysobacter_B sp014879375 | D96: Pseudomonadota | E96: Gammaproteobacteria | F96: Xanthomonadales | G96: Xanthomonadaceae | H96: Lysobacter_B | I96: Lysobacter_B sp014879375 | J96: Lysobacter_B sp014879375 | K96: GCA_014879375.1 | L96: GTDB R220 (GTDB-Tk v2.7.2, classify_wf) | M96: 99.98 | N96: 0.968 | Q96: Same species cluster | R96: Same species-level cluster as closest reference. | T96: GTDB-Tk classification_method: ani_screen. GTDB-Tk note: classification based on ANI only.
A97: coasm_bin.135 | B97: Flavipsychrobacter.2_m | C97: d__Bacteria;p__Bacteroidota;c__Bacteroidia;o__Chitinophagales;f__Chitinophagaceae;g__Flavipsychrobacter;s__ | D97: Bacteroidota | E97: Bacteroidia | F97: Chitinophagales | G97: Chitinophagaceae | H97: Flavipsychrobacter | L97: GTDB R220 (GTDB-Tk v2.7.2, classify_wf) | Q97: Unresolved by ANI (GTDB species novel; s__ unassigned) | R97: No close ANI hit and GTDB assigns no species (novel at species level; GTDB-resolved to genus); evaluate exact ANI/AF (skani vs GTDB reps) or AAI/phylogeny. | T97: GTDB-Tk classification_method: taxonomic classification fully defined by topology. GTDB-Tk note: classification based on placement in class-level tree.
A98: coasm_bin.138 | B98: Hyphomicrobiaceae.1_m | C98: d__Bacteria;p__Pseudomonadota;c__Alphaproteobacteria;o__Rhizobiales;f__Hyphomicrobiaceae;g__JABFRJ01;s__ | D98: Pseudomonadota | E98: Alphaproteobacteria | F98: Rhizobiales | G98: Hyphomicrobiaceae | H98: JABFRJ01 | L98: GTDB R220 (GTDB-Tk v2.7.2, classify_wf) | Q98: Unresolved by ANI (GTDB species novel; s__ unassigned) | R98: No close ANI hit and GTDB assigns no species (novel at species level; GTDB-resolved to genus); evaluate exact ANI/AF (skani vs GTDB reps) or AAI/phylogeny. | T98: GTDB-Tk classification_method: taxonomic classification fully defined by topology. GTDB-Tk note: classification based on placement in class-level tree.
A99: coasm_bin.139 | B99: Planctomycetota.15 | C99: d__Bacteria;p__Planctomycetota;c__UBA1135;o__UBA2386;f__UBA2386;g__UBA2386;s__ | D99: Planctomycetota | E99: UBA1135 | F99: UBA2386 | G99: UBA2386 | H99: UBA2386 | L99: GTDB R220 (GTDB-Tk v2.7.2, classify_wf) | Q99: Unresolved by ANI (GTDB species novel; s__ unassigned) | R99: No close ANI hit and GTDB assigns no species (novel at species level; GTDB-resolved to genus); evaluate exact ANI/AF (skani vs GTDB reps) or AAI/phylogeny. | T99: GTDB-Tk classification_method: taxonomic classification fully defined by topology. GTDB-Tk note: classification based on placement in class-level tree.
A100: coasm_bin.142 | B100: Sphingobacteriales.30 | C100: d__Bacteria;p__Bacteroidota;c__Bacteroidia;o__AKYH767-A;f__OLB10;g__OLB10;s__OLB10 sp002455375 | D100: Bacteroidota | E100: Bacteroidia | F100: AKYH767-A | G100: OLB10 | H100: OLB10 | I100: OLB10 sp002455375 | J100: OLB10 sp002455375 | K100: GCA_002455375.1 | L100: GTDB R220 (GTDB-Tk v2.7.2, classify_wf) | M100: 99.05 | N100: 0.923 | Q100: Same species cluster | R100: Same species-level cluster as closest reference. | T100: GTDB-Tk classification_method: ani_screen. GTDB-Tk note: classification based on ANI only.
...
